,date,n_sick,calls,n_duty,n_sby,sby_need,dafted,demand,n_sick_adj,demand_pred,calls_reg_pred,calls_reg_act_diff
0,2016-04-01,73,8154,1700,90,4,0,1631.0,82,1631,7059,1095
1,2016-04-02,64,8526,1700,90,70,0,1706.0,72,1706,7060,1466
2,2016-04-03,68,8088,1700,90,0,0,,76,1618,7062,1026
3,2016-04-04,71,7044,1700,90,0,0,,79,1409,7063,-19
4,2016-04-05,63,7236,1700,90,0,0,,70,1448,7065,171
5,2016-04-06,70,6492,1700,90,0,0,,78,1299,7066,-574
6,2016-04-07,64,6204,1700,90,0,0,,72,1241,7068,-864
7,2016-04-08,62,7614,1700,90,0,0,,69,1523,7069,545
8,2016-04-09,51,5706,1700,90,0,0,,57,1142,7071,-1365
9,2016-04-10,54,6606,1700,90,0,0,,60,1322,7072,-466
10,2016-04-11,50,6822,1700,90,0,0,,56,1365,7074,-252
11,2016-04-12,49,6060,1700,90,0,0,,55,1212,7075,-1015
12,2016-04-13,53,5964,1700,90,0,0,,59,1193,7077,-1113
13,2016-04-14,52,5928,1700,90,0,0,,58,1186,7078,-1150
14,2016-04-15,63,7608,1700,90,0,0,,70,1522,7080,528
15,2016-04-16,55,6768,1700,90,0,0,,61,1354,7081,-313
16,2016-04-17,51,7242,1700,90,0,0,,57,1449,7083,159
17,2016-04-18,59,6768,1700,90,0,0,,66,1354,7084,-316
18,2016-04-19,57,8676,1700,90,93,3,1736.0,64,1736,7086,1590
19,2016-04-20,53,6270,1700,90,0,0,,59,1254,7087,-817
20,2016-04-21,63,7818,1700,90,0,0,,70,1564,7089,729
21,2016-04-22,68,5712,1700,90,0,0,,76,1143,7090,-1378
22,2016-04-23,62,5166,1700,90,0,0,,69,1034,7092,-1926
23,2016-04-24,71,4884,1700,90,0,0,,79,977,7093,-2209
24,2016-04-25,72,5880,1700,90,0,0,,80,1176,7095,-1215
25,2016-04-26,65,6576,1700,90,0,0,,73,1316,7096,-520
26,2016-04-27,62,7620,1700,90,0,0,,69,1524,7098,522
27,2016-04-28,66,6870,1700,90,0,0,,74,1374,7099,-229
28,2016-04-29,64,7554,1700,90,0,0,,72,1511,7101,453
29,2016-04-30,65,5424,1700,90,0,0,,73,1085,7102,-1678
30,2016-05-01,54,8400,1700,90,34,0,1680.0,60,1680,7104,1296
31,2016-05-02,63,7782,1700,90,0,0,,70,1557,7105,677
32,2016-05-03,61,7716,1700,90,0,0,,68,1544,7107,609
33,2016-05-04,58,8340,1700,90,26,0,1668.0,65,1668,7108,1232
34,2016-05-05,57,8064,1700,90,0,0,,64,1613,7110,954
35,2016-05-06,59,7404,1700,90,0,0,,66,1481,7111,293
36,2016-05-07,57,8868,1700,90,131,41,1774.0,64,1774,7113,1755
37,2016-05-08,61,6504,1700,90,0,0,,68,1301,7114,-610
38,2016-05-09,65,7788,1700,90,0,0,,73,1558,7116,672
39,2016-05-10,68,6978,1700,90,0,0,,76,1396,7117,-139
40,2016-05-11,61,7512,1700,90,0,0,,68,1503,7119,393
41,2016-05-12,55,7434,1700,90,0,0,,61,1487,7120,314
42,2016-05-13,56,8370,1700,90,30,0,1674.0,63,1674,7122,1248
43,2016-05-14,50,8136,1700,90,0,0,,56,1628,7123,1013
44,2016-05-15,57,7674,1700,90,0,0,,64,1535,7125,549
45,2016-05-16,52,9048,1700,90,162,72,1810.0,58,1810,7126,1922
46,2016-05-17,53,8550,1700,90,63,0,1710.0,59,1710,7128,1422
47,2016-05-18,52,8184,1700,90,0,0,,58,1637,7129,1055
48,2016-05-19,51,8352,1700,90,22,0,1671.0,57,1671,7131,1221
49,2016-05-20,57,5790,1700,90,0,0,,64,1158,7132,-1342
50,2016-05-21,56,8382,1700,90,33,0,1677.0,63,1677,7134,1248
51,2016-05-22,58,6516,1700,90,0,0,,65,1304,7135,-619
52,2016-05-23,57,7824,1700,90,0,0,,64,1565,7137,687
53,2016-05-24,55,6312,1700,90,0,0,,61,1263,7138,-826
54,2016-05-25,49,8196,1700,90,0,0,,55,1640,7140,1056
55,2016-05-26,46,8124,1700,90,0,0,,51,1625,7141,983
56,2016-05-27,50,6084,1700,90,0,0,,56,1217,7143,-1059
57,2016-05-28,50,6174,1700,90,0,0,,56,1235,7144,-970
58,2016-05-29,52,6984,1700,90,0,0,,58,1397,7146,-162
59,2016-05-30,59,8670,1700,90,93,3,1734.0,66,1734,7147,1523
60,2016-05-31,59,8004,1700,90,0,0,,66,1601,7149,855
61,2016-06-01,64,7656,1700,90,0,0,,72,1532,7150,506
62,2016-06-02,63,8298,1700,90,23,0,1660.0,70,1660,7152,1146
63,2016-06-03,69,8922,1700,90,154,64,1785.0,77,1785,7153,1769
64,2016-06-04,67,9426,1700,90,253,163,1886.0,75,1886,7155,2271
65,2016-06-05,61,8514,1700,90,64,0,1703.0,68,1703,7156,1358
66,2016-06-06,62,9426,1700,90,248,158,1886.0,69,1886,7158,2268
67,2016-06-07,53,9414,1700,90,236,146,1883.0,59,1883,7159,2255
68,2016-06-08,50,7260,1700,90,0,0,,56,1452,7161,99
69,2016-06-09,48,6762,1700,90,0,0,,54,1353,7162,-400
70,2016-06-10,53,7230,1700,90,0,0,,59,1446,7164,66
71,2016-06-11,51,7710,1700,90,0,0,,57,1542,7165,545
72,2016-06-12,59,6462,1700,90,0,0,,66,1293,7167,-705
73,2016-06-13,66,8790,1700,90,124,34,1758.0,74,1758,7168,1622
74,2016-06-14,58,8160,1700,90,0,0,,65,1632,7170,990
75,2016-06-15,53,8538,1700,90,61,0,1708.0,59,1708,7171,1367
76,2016-06-16,55,8094,1700,90,0,0,,61,1619,7173,921
77,2016-06-17,54,6918,1700,90,0,0,,60,1384,7174,-256
78,2016-06-18,54,6894,1700,90,0,0,,60,1379,7176,-282
79,2016-06-19,56,6840,1700,90,0,0,,63,1368,7177,-337
80,2016-06-20,57,8562,1700,90,70,0,1713.0,64,1713,7179,1383
81,2016-06-21,60,8754,1700,90,111,21,1751.0,67,1751,7180,1574
82,2016-06-22,61,8058,1700,90,0,0,,68,1612,7182,876
83,2016-06-23,60,8316,1700,90,24,0,1664.0,67,1664,7183,1133
84,2016-06-24,53,5916,1700,90,0,0,,59,1184,7184,-1268
85,2016-06-25,45,7272,1700,90,0,0,,50,1455,7186,86
86,2016-06-26,48,7794,1700,90,0,0,,54,1559,7187,607
87,2016-06-27,50,8964,1700,90,143,53,1793.0,56,1793,7189,1775
88,2016-06-28,44,7788,1700,90,0,0,,49,1558,7190,598
89,2016-06-29,44,6600,1700,90,0,0,,49,1320,7192,-592
90,2016-06-30,48,6708,1700,90,0,0,,54,1342,7193,-485
91,2016-07-01,41,8742,1700,90,90,0,1749.0,46,1749,7195,1547
92,2016-07-02,40,7116,1700,90,0,0,,45,1424,7196,-80
93,2016-07-03,46,8376,1700,90,22,0,1676.0,51,1676,7198,1178
94,2016-07-04,50,8526,1700,90,56,0,1706.0,56,1706,7199,1327
95,2016-07-05,47,8550,1700,90,57,0,1710.0,53,1710,7201,1349
96,2016-07-06,51,9702,1700,90,292,202,1941.0,57,1941,7202,2500
97,2016-07-07,60,8442,1700,90,49,0,1689.0,67,1689,7204,1238
98,2016-07-08,64,9024,1700,90,169,79,1805.0,72,1805,7205,1819
99,2016-07-09,69,8532,1700,90,76,0,1707.0,77,1707,7207,1325
100,2016-07-10,70,7374,1700,90,0,0,,78,1475,7208,166
101,2016-07-11,70,9492,1700,90,269,179,1899.0,78,1899,7210,2282
102,2016-07-12,52,8130,1700,90,0,0,,58,1626,7211,919
103,2016-07-13,48,9012,1700,90,151,61,1803.0,54,1803,7213,1799
104,2016-07-14,48,9228,1700,90,194,104,1846.0,54,1846,7214,2014
105,2016-07-15,54,7626,1700,90,0,0,,60,1526,7216,410
106,2016-07-16,58,6234,1700,90,0,0,,65,1247,7217,-983
107,2016-07-17,63,5592,1700,90,0,0,,70,1119,7219,-1627
108,2016-07-18,67,7452,1700,90,0,0,,75,1491,7220,232
109,2016-07-19,62,6744,1700,90,0,0,,69,1349,7222,-478
110,2016-07-20,69,6870,1700,90,0,0,,77,1374,7223,-353
111,2016-07-21,73,6924,1700,90,0,0,,82,1385,7225,-301
112,2016-07-22,67,8844,1700,90,136,46,1769.0,75,1769,7226,1618
113,2016-07-23,63,6450,1700,90,0,0,,70,1290,7228,-778
114,2016-07-24,60,5892,1700,90,0,0,,67,1179,7229,-1337
115,2016-07-25,62,7368,1700,90,0,0,,69,1474,7231,137
116,2016-07-26,53,7488,1700,90,0,0,,59,1498,7232,256
117,2016-07-27,49,6684,1700,90,0,0,,55,1337,7234,-550
118,2016-07-28,51,7062,1700,90,0,0,,57,1413,7235,-173
119,2016-07-29,50,6978,1700,90,0,0,,56,1396,7237,-259
120,2016-07-30,49,6480,1700,90,0,0,,55,1296,7238,-758
121,2016-07-31,51,6210,1700,90,0,0,,57,1242,7240,-1030
122,2016-08-01,53,10536,1700,90,461,371,2108.0,59,2108,7241,3295
123,2016-08-02,51,10392,1700,90,430,340,2079.0,57,2079,7243,3149
124,2016-08-03,49,9516,1700,90,253,163,1904.0,55,1904,7244,2272
125,2016-08-04,52,9840,1700,90,320,230,1968.0,58,1968,7246,2594
126,2016-08-05,49,9258,1700,90,201,111,1852.0,55,1852,7247,2011
127,2016-08-06,44,9006,1700,90,146,56,1802.0,49,1802,7249,1757
128,2016-08-07,46,5904,1700,90,0,0,,51,1181,7250,-1346
129,2016-08-08,40,7428,1700,90,0,0,,45,1486,7252,176
130,2016-08-09,37,6840,1700,90,0,0,,41,1368,7253,-413
131,2016-08-10,38,7506,1700,90,0,0,,42,1502,7255,251
132,2016-08-11,45,8526,1700,90,51,0,1706.0,50,1706,7256,1270
133,2016-08-12,43,8256,1700,90,0,0,,48,1652,7258,998
134,2016-08-13,38,6762,1700,90,0,0,,42,1353,7259,-497
135,2016-08-14,38,5778,1700,90,0,0,,42,1156,7261,-1483
136,2016-08-15,42,7404,1700,90,0,0,,47,1481,7262,142
137,2016-08-16,44,7134,1700,90,0,0,,49,1427,7264,-130
138,2016-08-17,47,6540,1700,90,0,0,,53,1308,7265,-725
139,2016-08-18,46,8670,1700,90,80,0,1734.0,51,1734,7267,1403
140,2016-08-19,45,8028,1700,90,0,0,,50,1606,7268,760
141,2016-08-20,36,6318,1700,90,0,0,,40,1264,7270,-952
142,2016-08-21,44,8214,1700,90,0,0,,49,1643,7271,943
143,2016-08-22,49,6654,1700,90,0,0,,55,1331,7273,-619
144,2016-08-23,48,8082,1700,90,0,0,,54,1617,7274,808
145,2016-08-24,49,8430,1700,90,35,0,1686.0,55,1686,7276,1154
146,2016-08-25,52,7140,1700,90,0,0,,58,1428,7277,-137
147,2016-08-26,55,8082,1700,90,0,0,,61,1617,7279,803
148,2016-08-27,48,7626,1700,90,0,0,,54,1526,7280,346
149,2016-08-28,49,6990,1700,90,0,0,,55,1398,7282,-292
150,2016-08-29,60,6840,1700,90,0,0,,67,1368,7283,-443
151,2016-08-30,59,8592,1700,90,78,0,1719.0,66,1719,7285,1307
152,2016-08-31,54,8886,1700,90,132,42,1778.0,60,1778,7286,1600
153,2016-09-01,52,9318,1700,90,216,126,1864.0,58,1864,7288,2030
154,2016-09-02,61,9366,1700,90,235,145,1874.0,68,1874,7289,2077
155,2016-09-03,55,7380,1700,90,0,0,,61,1476,7291,89
156,2016-09-04,69,7536,1700,90,0,0,,77,1508,7292,244
157,2016-09-05,73,7548,1700,90,0,0,,82,1510,7294,254
158,2016-09-06,67,7560,1700,90,0,0,,75,1512,7295,265
159,2016-09-07,64,8568,1700,90,78,0,1714.0,72,1714,7297,1271
160,2016-09-08,67,8748,1700,90,117,27,1750.0,75,1750,7298,1450
161,2016-09-09,62,6582,1700,90,0,0,,69,1317,7300,-718
162,2016-09-10,59,7374,1700,90,0,0,,66,1475,7301,73
163,2016-09-11,68,8202,1700,90,9,0,1641.0,76,1641,7303,899
164,2016-09-12,72,6564,1700,90,0,0,,80,1313,7304,-740
165,2016-09-13,65,7230,1700,90,0,0,,73,1446,7306,-76
166,2016-09-14,68,8514,1700,90,71,0,1703.0,76,1703,7307,1207
167,2016-09-15,75,8280,1700,90,31,0,1656.0,84,1656,7309,971
168,2016-09-16,71,7824,1700,90,0,0,,79,1565,7310,514
169,2016-09-17,74,6660,1700,90,0,0,,83,1332,7312,-652
170,2016-09-18,81,6126,1700,90,0,0,,91,1226,7313,-1187
171,2016-09-19,75,7926,1700,90,0,0,,84,1586,7315,611
172,2016-09-20,72,7362,1700,90,0,0,,80,1473,7316,46
173,2016-09-21,80,8532,1700,90,87,0,1707.0,89,1707,7318,1214
174,2016-09-22,77,8286,1700,90,35,0,1658.0,86,1658,7319,967
175,2016-09-23,76,5808,1700,90,0,0,,85,1162,7321,-1513
176,2016-09-24,71,7842,1700,90,0,0,,79,1569,7322,520
177,2016-09-25,79,5328,1700,90,0,0,,88,1066,7324,-1996
178,2016-09-26,80,8550,1700,90,90,0,1710.0,89,1710,7325,1225
179,2016-09-27,90,7638,1700,90,0,0,,101,1528,7327,311
180,2016-09-28,89,6924,1700,90,0,0,,99,1385,7328,-404
181,2016-09-29,89,8172,1700,90,24,0,1635.0,99,1635,7330,842
182,2016-09-30,91,8520,1700,90,95,5,1704.0,102,1704,7331,1189
183,2016-10-01,72,6492,1700,90,0,0,,80,1299,7333,-841
184,2016-10-02,77,7872,1700,90,0,0,,86,1575,7334,538
185,2016-10-03,83,8004,1700,90,0,0,,93,1601,7336,668
186,2016-10-04,85,7398,1700,90,0,0,,95,1480,7337,61
187,2016-10-05,83,8136,1700,90,11,0,1628.0,93,1628,7339,797
188,2016-10-06,77,7020,1700,90,0,0,,86,1404,7340,-320
189,2016-10-07,84,6072,1700,90,0,0,,94,1215,7342,-1270
190,2016-10-08,77,7176,1700,90,0,0,,86,1436,7343,-167
191,2016-10-09,81,7842,1700,90,0,0,,91,1569,7345,497
192,2016-10-10,91,7818,1700,90,0,0,,102,1564,7346,472
193,2016-10-11,80,7908,1700,90,0,0,,89,1582,7348,560
194,2016-10-12,81,6396,1700,90,0,0,,91,1280,7349,-953
195,2016-10-13,84,6930,1700,90,0,0,,94,1386,7350,-420
196,2016-10-14,90,7728,1700,90,0,0,,101,1546,7352,376
197,2016-10-15,86,6954,1700,90,0,0,,96,1391,7353,-399
198,2016-10-16,86,7614,1700,90,0,0,,96,1523,7355,259
199,2016-10-17,90,6666,1700,90,0,0,,101,1334,7356,-690
200,2016-10-18,78,7200,1700,90,0,0,,87,1440,7358,-158
201,2016-10-19,75,8094,1700,90,0,0,,84,1619,7359,735
202,2016-10-20,73,7440,1700,90,0,0,,82,1488,7361,79
203,2016-10-21,77,6234,1700,90,0,0,,86,1247,7362,-1128
204,2016-10-22,75,6660,1700,90,0,0,,84,1332,7364,-704
205,2016-10-23,70,5004,1700,90,0,0,,78,1001,7365,-2361
206,2016-10-24,73,8544,1700,90,82,0,1709.0,82,1709,7367,1177
207,2016-10-25,59,6204,1700,90,0,0,,66,1241,7368,-1164
208,2016-10-26,57,6108,1700,90,0,0,,64,1222,7370,-1262
209,2016-10-27,60,6366,1700,90,0,0,,67,1274,7371,-1005
210,2016-10-28,61,5430,1700,90,0,0,,68,1086,7373,-1943
211,2016-10-29,50,7980,1700,90,0,0,,56,1596,7374,606
212,2016-10-30,59,5730,1700,90,0,0,,66,1146,7376,-1646
213,2016-10-31,71,5874,1700,90,0,0,,79,1175,7377,-1503
214,2016-11-01,65,9600,1700,90,285,195,1920.0,73,1920,7379,2221
215,2016-11-02,66,6576,1700,90,0,0,,74,1316,7380,-804
216,2016-11-03,62,8352,1700,90,33,0,1671.0,69,1671,7382,970
217,2016-11-04,62,6984,1700,90,0,0,,69,1397,7383,-399
218,2016-11-05,47,5562,1700,90,0,0,,53,1113,7385,-1823
219,2016-11-06,48,6366,1700,90,0,0,,54,1274,7386,-1020
220,2016-11-07,57,7098,1700,90,0,0,,64,1420,7388,-290
221,2016-11-08,57,6552,1700,90,0,0,,64,1311,7389,-837
222,2016-11-09,55,6966,1700,90,0,0,,61,1394,7391,-425
223,2016-11-10,55,5730,1700,90,0,0,,61,1146,7392,-1662
224,2016-11-11,57,7110,1700,90,0,0,,64,1422,7394,-284
225,2016-11-12,44,7140,1700,90,0,0,,49,1428,7395,-255
226,2016-11-13,48,6072,1700,90,0,0,,54,1215,7397,-1325
227,2016-11-14,58,7710,1700,90,0,0,,65,1542,7398,312
228,2016-11-15,64,8190,1700,90,2,0,1638.0,72,1638,7400,790
229,2016-11-16,61,5598,1700,90,0,0,,68,1120,7401,-1803
230,2016-11-17,62,6684,1700,90,0,0,,69,1337,7403,-719
231,2016-11-18,64,6276,1700,90,0,0,,72,1256,7404,-1128
232,2016-11-19,59,5820,1700,90,0,0,,66,1164,7406,-1586
233,2016-11-20,72,5160,1700,90,0,0,,80,1032,7407,-2247
234,2016-11-21,70,7998,1700,90,0,0,,78,1600,7409,589
235,2016-11-22,67,6852,1700,90,0,0,,75,1371,7410,-558
236,2016-11-23,73,8256,1700,90,25,0,1652.0,82,1652,7412,844
237,2016-11-24,78,7494,1700,90,0,0,,87,1499,7413,81
238,2016-11-25,76,7722,1700,90,0,0,,85,1545,7415,307
239,2016-11-26,67,6438,1700,90,0,0,,75,1288,7416,-978
240,2016-11-27,65,5526,1700,90,0,0,,73,1106,7418,-1892
241,2016-11-28,62,6558,1700,90,0,0,,69,1312,7419,-861
242,2016-11-29,55,6624,1700,90,0,0,,61,1325,7421,-797
243,2016-11-30,49,6384,1700,90,0,0,,55,1277,7422,-1038
244,2016-12-01,43,6450,1700,90,0,0,,48,1290,7424,-974
245,2016-12-02,46,8436,1700,90,34,0,1688.0,51,1688,7425,1011
246,2016-12-03,45,5748,1700,90,0,0,,50,1150,7427,-1679
247,2016-12-04,51,5532,1700,90,0,0,,57,1107,7428,-1896
248,2016-12-05,50,7674,1700,90,0,0,,56,1535,7430,244
249,2016-12-06,47,7422,1700,90,0,0,,53,1485,7431,-9
250,2016-12-07,55,7086,1700,90,0,0,,61,1418,7433,-347
251,2016-12-08,60,6174,1700,90,0,0,,67,1235,7434,-1260
252,2016-12-09,57,6120,1700,90,0,0,,64,1224,7436,-1316
253,2016-12-10,56,6942,1700,90,0,0,,63,1389,7437,-495
254,2016-12-11,60,7098,1700,90,0,0,,67,1420,7439,-341
255,2016-12-12,70,7506,1700,90,0,0,,78,1502,7440,66
256,2016-12-13,68,7116,1700,90,0,0,,76,1424,7442,-326
257,2016-12-14,71,5934,1700,90,0,0,,79,1187,7443,-1509
258,2016-12-15,70,5118,1700,90,0,0,,78,1024,7445,-2327
259,2016-12-16,62,5802,1700,90,0,0,,69,1161,7446,-1644
260,2016-12-17,57,6642,1700,90,0,0,,64,1329,7448,-806
261,2016-12-18,62,4692,1700,90,0,0,,69,939,7449,-2757
262,2016-12-19,61,6798,1700,90,0,0,,68,1360,7451,-653
263,2016-12-20,51,6480,1700,90,0,0,,57,1296,7452,-972
264,2016-12-21,49,5244,1700,90,0,0,,55,1049,7454,-2210
265,2016-12-22,49,6000,1700,90,0,0,,55,1200,7455,-1455
266,2016-12-23,48,5496,1700,90,0,0,,54,1100,7457,-1961
267,2016-12-24,44,5172,1700,90,0,0,,49,1035,7458,-2286
268,2016-12-25,50,6030,1700,90,0,0,,56,1206,7460,-1430
269,2016-12-26,61,6714,1700,90,0,0,,68,1343,7461,-747
270,2016-12-27,80,6828,1700,90,0,0,,89,1366,7463,-635
271,2016-12-28,91,6096,1700,90,0,0,,102,1220,7464,-1368
272,2016-12-29,96,7326,1700,90,0,0,,107,1466,7466,-140
273,2016-12-30,92,5478,1700,90,0,0,,103,1096,7467,-1989
274,2016-12-31,66,5754,1700,90,0,0,,74,1151,7469,-1715
275,2017-01-01,60,6336,1800,90,0,0,,63,1268,7470,-1134
276,2017-01-02,70,8550,1800,90,0,0,,74,1710,7472,1078
277,2017-01-03,74,8238,1800,90,0,0,,78,1648,7473,765
278,2017-01-04,76,7902,1800,90,0,0,,80,1581,7475,427
279,2017-01-05,76,8268,1800,90,0,0,,80,1654,7476,792
280,2017-01-06,71,6054,1800,90,0,0,,75,1211,7478,-1424
281,2017-01-07,81,7152,1800,90,0,0,,86,1431,7479,-327
282,2017-01-08,88,6318,1800,90,0,0,,93,1264,7481,-1163
283,2017-01-09,89,5418,1800,90,0,0,,94,1084,7482,-2064
284,2017-01-10,80,5376,1800,90,0,0,,84,1076,7484,-2108
285,2017-01-11,73,5976,1800,90,0,0,,77,1196,7485,-1509
286,2017-01-12,55,6414,1800,90,0,0,,58,1283,7487,-1073
287,2017-01-13,47,5496,1800,90,0,0,,50,1100,7488,-1992
288,2017-01-14,49,4668,1800,90,0,0,,52,934,7490,-2822
289,2017-01-15,53,4074,1800,90,0,0,,56,815,7491,-3417
290,2017-01-16,58,6300,1800,90,0,0,,61,1260,7493,-1193
291,2017-01-17,52,6948,1800,90,0,0,,55,1390,7494,-546
292,2017-01-18,50,4920,1800,90,0,0,,53,984,7496,-2576
293,2017-01-19,55,4938,1800,90,0,0,,58,988,7497,-2559
294,2017-01-20,62,6870,1800,90,0,0,,65,1374,7499,-629
295,2017-01-21,58,5592,1800,90,0,0,,61,1119,7500,-1908
296,2017-01-22,60,6618,1800,90,0,0,,63,1324,7502,-884
297,2017-01-23,65,7248,1800,90,0,0,,69,1450,7503,-255
298,2017-01-24,63,5400,1800,90,0,0,,66,1080,7505,-2105
299,2017-01-25,57,4860,1800,90,0,0,,60,972,7506,-2646
300,2017-01-26,66,5196,1800,90,0,0,,70,1040,7508,-2312
301,2017-01-27,73,6330,1800,90,0,0,,77,1266,7509,-1179
302,2017-01-28,62,5442,1800,90,0,0,,65,1089,7511,-2069
303,2017-01-29,64,5742,1800,90,0,0,,68,1149,7512,-1770
304,2017-01-30,67,7212,1800,90,0,0,,71,1443,7514,-302
305,2017-01-31,56,5904,1800,90,0,0,,59,1181,7515,-1611
306,2017-02-01,48,6786,1800,90,0,0,,51,1358,7516,-730
307,2017-02-02,50,8844,1800,90,19,0,1769.0,53,1769,7518,1326
308,2017-02-03,54,7494,1800,90,0,0,,57,1499,7519,-25
309,2017-02-04,44,6666,1800,90,0,0,,46,1334,7521,-855
310,2017-02-05,48,5898,1800,90,0,0,,51,1180,7522,-1624
311,2017-02-06,58,8844,1800,90,27,0,1769.0,61,1769,7524,1320
312,2017-02-07,60,6798,1800,90,0,0,,63,1360,7525,-727
313,2017-02-08,65,8664,1800,90,0,0,,69,1733,7527,1137
314,2017-02-09,60,6204,1800,90,0,0,,63,1241,7528,-1324
315,2017-02-10,66,7032,1800,90,0,0,,70,1407,7530,-498
316,2017-02-11,62,7638,1800,90,0,0,,65,1528,7531,107
317,2017-02-12,58,7398,1800,90,0,0,,61,1480,7533,-135
318,2017-02-13,62,5724,1800,90,0,0,,65,1145,7534,-1810
319,2017-02-14,56,6816,1800,90,0,0,,59,1364,7536,-720
320,2017-02-15,60,5868,1800,90,0,0,,63,1174,7537,-1669
321,2017-02-16,67,7812,1800,90,0,0,,71,1563,7539,273
322,2017-02-17,63,7272,1800,90,0,0,,66,1455,7540,-268
323,2017-02-18,52,7464,1800,90,0,0,,55,1493,7542,-78
324,2017-02-19,54,5268,1800,90,0,0,,57,1054,7543,-2275
325,2017-02-20,57,5814,1800,90,0,0,,60,1163,7545,-1731
326,2017-02-21,58,5820,1800,90,0,0,,61,1164,7546,-1726
327,2017-02-22,60,7056,1800,90,0,0,,63,1412,7548,-492
328,2017-02-23,58,8088,1800,90,0,0,,61,1618,7549,539
329,2017-02-24,64,6696,1800,90,0,0,,68,1340,7551,-855
330,2017-02-25,57,5388,1800,90,0,0,,60,1078,7552,-2164
331,2017-02-26,57,5994,1800,90,0,0,,60,1199,7554,-1560
332,2017-02-27,58,6822,1800,90,0,0,,61,1365,7555,-733
333,2017-02-28,55,7338,1800,90,0,0,,58,1468,7557,-219
334,2017-03-01,53,10074,1800,90,268,178,2015.0,56,2015,7558,2516
335,2017-03-02,54,9246,1800,90,104,14,1850.0,57,1850,7560,1686
336,2017-03-03,50,8616,1800,90,0,0,,53,1724,7561,1055
337,2017-03-04,47,6636,1800,90,0,0,,50,1328,7563,-927
338,2017-03-05,58,6288,1800,90,0,0,,61,1258,7564,-1276
339,2017-03-06,61,8670,1800,90,0,0,,64,1734,7566,1104
340,2017-03-07,56,6948,1800,90,0,0,,59,1390,7567,-619
341,2017-03-08,52,8700,1800,90,0,0,,55,1740,7569,1131
342,2017-03-09,55,9030,1800,90,61,0,1806.0,58,1806,7570,1460
343,2017-03-10,61,8166,1800,90,0,0,,64,1634,7572,594
344,2017-03-11,57,7548,1800,90,0,0,,60,1510,7573,-25
345,2017-03-12,61,6564,1800,90,0,0,,64,1313,7575,-1011
346,2017-03-13,66,6174,1800,90,0,0,,70,1235,7576,-1402
347,2017-03-14,57,7188,1800,90,0,0,,60,1438,7578,-390
348,2017-03-15,60,7686,1800,90,0,0,,63,1538,7579,107
349,2017-03-16,61,6942,1800,90,0,0,,64,1389,7581,-639
350,2017-03-17,60,5724,1800,90,0,0,,63,1145,7582,-1858
351,2017-03-18,54,7620,1800,90,0,0,,57,1524,7584,36
352,2017-03-19,58,6066,1800,90,0,0,,61,1214,7585,-1519
353,2017-03-20,59,6486,1800,90,0,0,,62,1298,7587,-1101
354,2017-03-21,58,8352,1800,90,0,0,,61,1671,7588,764
355,2017-03-22,57,8412,1800,90,0,0,,60,1683,7590,822
356,2017-03-23,56,7170,1800,90,0,0,,59,1434,7591,-421
357,2017-03-24,53,6918,1800,90,0,0,,56,1384,7593,-675
358,2017-03-25,48,6636,1800,90,0,0,,51,1328,7594,-958
359,2017-03-26,48,6756,1800,90,0,0,,51,1352,7596,-840
360,2017-03-27,56,8856,1800,90,28,0,1772.0,59,1772,7597,1259
361,2017-03-28,56,8688,1800,90,0,0,,59,1738,7599,1089
362,2017-03-29,59,8112,1800,90,0,0,,62,1623,7600,512
363,2017-03-30,58,7728,1800,90,0,0,,61,1546,7602,126
364,2017-03-31,58,8394,1800,90,0,0,,61,1679,7603,791
365,2017-04-01,45,9774,1800,90,200,110,1955.0,48,1955,7605,2169
366,2017-04-02,45,6630,1800,90,0,0,,48,1326,7606,-976
367,2017-04-03,49,10170,1800,90,283,193,2034.0,52,2034,7608,2562
368,2017-04-04,52,9324,1800,90,117,27,1865.0,55,1865,7609,1715
369,2017-04-05,48,7770,1800,90,0,0,,51,1554,7611,159
370,2017-04-06,43,7284,1800,90,0,0,,45,1457,7612,-328
371,2017-04-07,38,8970,1800,90,32,0,1794.0,40,1794,7614,1356
372,2017-04-08,44,8844,1800,90,13,0,1769.0,46,1769,7615,1229
373,2017-04-09,41,6084,1800,90,0,0,,43,1217,7617,-1533
374,2017-04-10,45,9300,1800,90,105,15,1860.0,48,1860,7618,1682
375,2017-04-11,46,7962,1800,90,0,0,,49,1593,7620,342
376,2017-04-12,46,8466,1800,90,0,0,,49,1694,7621,845
377,2017-04-13,55,6360,1800,90,0,0,,58,1272,7623,-1263
378,2017-04-14,53,8220,1800,90,0,0,,56,1644,7624,596
379,2017-04-15,53,6876,1800,90,0,0,,56,1376,7626,-750
380,2017-04-16,54,7086,1800,90,0,0,,57,1418,7627,-541
381,2017-04-17,59,9048,1800,90,69,0,1810.0,62,1810,7629,1419
382,2017-04-18,60,7932,1800,90,0,0,,63,1587,7630,302
383,2017-04-19,67,8574,1800,90,0,0,,71,1715,7632,942
384,2017-04-20,72,8016,1800,90,0,0,,76,1604,7633,383
385,2017-04-21,69,8400,1800,90,0,0,,73,1680,7635,765
386,2017-04-22,61,8478,1800,90,0,0,,64,1696,7636,842
387,2017-04-23,71,7194,1800,90,0,0,,75,1439,7638,-444
388,2017-04-24,68,8184,1800,90,0,0,,72,1637,7639,545
389,2017-04-25,69,8352,1800,90,0,0,,73,1671,7641,711
390,2017-04-26,61,8874,1800,90,36,0,1775.0,64,1775,7642,1232
391,2017-04-27,61,7368,1800,90,0,0,,64,1474,7644,-276
392,2017-04-28,63,7230,1800,90,0,0,,66,1446,7645,-415
393,2017-04-29,59,6468,1800,90,0,0,,62,1294,7647,-1179
394,2017-04-30,62,6984,1800,90,0,0,,65,1397,7648,-664
395,2017-05-01,64,10218,1800,90,308,218,2044.0,68,2044,7650,2568
396,2017-05-02,69,8376,1800,90,0,0,,73,1676,7651,725
397,2017-05-03,65,10050,1800,90,275,185,2010.0,69,2010,7653,2397
398,2017-05-04,64,9582,1800,90,181,91,1917.0,68,1917,7654,1928
399,2017-05-05,63,7140,1800,90,0,0,,66,1428,7656,-516
400,2017-05-06,54,9270,1800,90,108,18,1854.0,57,1854,7657,1613
401,2017-05-07,61,6966,1800,90,0,0,,64,1394,7659,-693
402,2017-05-08,59,8616,1800,90,0,0,,62,1724,7660,956
403,2017-05-09,54,9444,1800,90,143,53,1889.0,57,1889,7662,1782
404,2017-05-10,55,9066,1800,90,69,0,1814.0,58,1814,7663,1403
405,2017-05-11,55,8862,1800,90,28,0,1773.0,58,1773,7665,1197
406,2017-05-12,55,9420,1800,90,139,49,1884.0,58,1884,7666,1754
407,2017-05-13,54,7914,1800,90,0,0,,57,1583,7668,246
408,2017-05-14,65,8592,1800,90,0,0,,69,1719,7669,923
409,2017-05-15,77,8256,1800,90,0,0,,81,1652,7671,585
410,2017-05-16,70,8178,1800,90,0,0,,74,1636,7672,506
411,2017-05-17,70,6876,1800,90,0,0,,74,1376,7674,-798
412,2017-05-18,62,7242,1800,90,0,0,,65,1449,7675,-433
413,2017-05-19,55,7746,1800,90,0,0,,58,1550,7677,69
414,2017-05-20,45,6534,1800,90,0,0,,48,1307,7678,-1144
415,2017-05-21,48,6066,1800,90,0,0,,51,1214,7680,-1614
416,2017-05-22,61,8766,1800,90,15,0,1754.0,64,1754,7681,1085
417,2017-05-23,54,9606,1800,90,176,86,1922.0,57,1922,7682,1924
418,2017-05-24,51,8142,1800,90,0,0,,54,1629,7684,458
419,2017-05-25,52,6750,1800,90,0,0,,55,1350,7685,-935
420,2017-05-26,58,7062,1800,90,0,0,,61,1413,7687,-625
421,2017-05-27,51,7290,1800,90,0,0,,54,1458,7688,-398
422,2017-05-28,58,8538,1800,90,0,0,,61,1708,7690,848
423,2017-05-29,57,8112,1800,90,0,0,,60,1623,7691,421
424,2017-05-30,55,7098,1800,90,0,0,,58,1420,7693,-595
425,2017-05-31,52,9294,1800,90,111,21,1859.0,55,1859,7694,1600
426,2017-06-01,54,10830,1800,90,420,330,2166.0,57,2166,7696,3134
427,2017-06-02,57,9840,1800,90,225,135,1968.0,60,1968,7697,2143
428,2017-06-03,56,7296,1800,90,0,0,,59,1460,7699,-403
429,2017-06-04,48,8136,1800,90,0,0,,51,1628,7700,436
430,2017-06-05,56,9876,1800,90,232,142,1976.0,59,1976,7702,2174
431,2017-06-06,61,8268,1800,90,0,0,,64,1654,7703,565
432,2017-06-07,58,9630,1800,90,184,94,1926.0,61,1926,7705,1925
433,2017-06-08,54,9186,1800,90,92,2,1838.0,57,1838,7706,1480
434,2017-06-09,56,6924,1800,90,0,0,,59,1385,7708,-784
435,2017-06-10,54,9312,1800,90,117,27,1863.0,57,1863,7709,1603
436,2017-06-11,54,7812,1800,90,0,0,,57,1563,7711,101
437,2017-06-12,56,9174,1800,90,91,1,1835.0,59,1835,7712,1462
438,2017-06-13,56,9852,1800,90,227,137,1971.0,59,1971,7714,2138
439,2017-06-14,55,8376,1800,90,0,0,,58,1676,7715,661
440,2017-06-15,45,7452,1800,90,0,0,,48,1491,7717,-265
441,2017-06-16,50,7728,1800,90,0,0,,53,1546,7718,10
442,2017-06-17,52,7596,1800,90,0,0,,55,1520,7720,-124
443,2017-06-18,64,6540,1800,90,0,0,,68,1308,7721,-1181
444,2017-06-19,63,8370,1800,90,0,0,,66,1674,7723,647
445,2017-06-20,59,8490,1800,90,0,0,,62,1698,7724,766
446,2017-06-21,60,8892,1800,90,39,0,1779.0,63,1779,7726,1166
447,2017-06-22,53,8598,1800,90,0,0,,56,1720,7727,871
448,2017-06-23,55,6942,1800,90,0,0,,58,1389,7729,-787
449,2017-06-24,57,7662,1800,90,0,0,,60,1533,7730,-68
450,2017-06-25,63,6054,1800,90,0,0,,66,1211,7732,-1678
451,2017-06-26,64,7620,1800,90,0,0,,68,1524,7733,-113
452,2017-06-27,53,7764,1800,90,0,0,,56,1553,7735,29
453,2017-06-28,54,8040,1800,90,0,0,,57,1608,7736,304
454,2017-06-29,57,8160,1800,90,0,0,,60,1632,7738,422
455,2017-06-30,59,9060,1800,90,71,0,1812.0,62,1812,7739,1321
456,2017-07-01,51,8352,1800,90,0,0,,54,1671,7741,611
457,2017-07-02,50,7860,1800,90,0,0,,53,1572,7742,118
458,2017-07-03,60,8802,1800,90,21,0,1761.0,63,1761,7744,1058
459,2017-07-04,48,9228,1800,90,94,4,1846.0,51,1846,7745,1483
460,2017-07-05,49,10398,1800,90,329,239,2080.0,52,2080,7747,2651
461,2017-07-06,46,7578,1800,90,0,0,,49,1516,7748,-170
462,2017-07-07,44,7314,1800,90,0,0,,46,1463,7750,-436
463,2017-07-08,43,7398,1800,90,0,0,,45,1480,7751,-353
464,2017-07-09,46,7878,1800,90,0,0,,49,1576,7753,125
465,2017-07-10,49,7200,1800,90,0,0,,52,1440,7754,-554
466,2017-07-11,47,7872,1800,90,0,0,,50,1575,7756,116
467,2017-07-12,49,7524,1800,90,0,0,,52,1505,7757,-233
468,2017-07-13,53,6960,1800,90,0,0,,56,1392,7759,-799
469,2017-07-14,59,9354,1800,90,130,40,1871.0,62,1871,7760,1594
470,2017-07-15,62,8808,1800,90,24,0,1762.0,65,1762,7762,1046
471,2017-07-16,71,8982,1800,90,68,0,1797.0,75,1797,7763,1219
472,2017-07-17,69,9336,1800,90,137,47,1868.0,73,1868,7765,1571
473,2017-07-18,66,9624,1800,90,191,101,1925.0,70,1925,7766,1858
474,2017-07-19,59,9534,1800,90,166,76,1907.0,62,1907,7768,1766
475,2017-07-20,56,7152,1800,90,0,0,,59,1431,7769,-617
476,2017-07-21,54,8052,1800,90,0,0,,57,1611,7771,281
477,2017-07-22,51,8190,1800,90,0,0,,54,1638,7772,418
478,2017-07-23,55,7686,1800,90,0,0,,58,1538,7774,-88
479,2017-07-24,62,7530,1800,90,0,0,,65,1506,7775,-245
480,2017-07-25,59,8400,1800,90,0,0,,62,1680,7777,623
481,2017-07-26,61,7956,1800,90,0,0,,64,1592,7778,178
482,2017-07-27,55,8400,1800,90,0,0,,58,1680,7780,620
483,2017-07-28,56,7104,1800,90,0,0,,59,1421,7781,-677
484,2017-07-29,52,8724,1800,90,0,0,,55,1745,7783,941
485,2017-07-30,52,6324,1800,90,0,0,,55,1265,7784,-1460
486,2017-07-31,73,7818,1800,90,0,0,,77,1564,7786,32
487,2017-08-01,63,10476,1800,90,359,269,2096.0,66,2096,7787,2689
488,2017-08-02,63,10068,1800,90,277,187,2014.0,66,2014,7789,2279
489,2017-08-03,68,9372,1800,90,143,53,1875.0,72,1875,7790,1582
490,2017-08-04,66,7506,1800,90,0,0,,70,1502,7792,-286
491,2017-08-05,64,9672,1800,90,199,109,1935.0,68,1935,7793,1879
492,2017-08-06,70,6654,1800,90,0,0,,74,1331,7795,-1141
493,2017-08-07,68,9174,1800,90,103,13,1835.0,72,1835,7796,1378
494,2017-08-08,63,9186,1800,90,101,11,1838.0,66,1838,7798,1388
495,2017-08-09,57,8712,1800,90,0,0,,60,1743,7799,913
496,2017-08-10,57,8016,1800,90,0,0,,60,1604,7801,215
497,2017-08-11,66,9426,1800,90,152,62,1886.0,70,1886,7802,1624
498,2017-08-12,62,7548,1800,90,0,0,,65,1510,7804,-256
499,2017-08-13,66,6408,1800,90,0,0,,70,1282,7805,-1397
500,2017-08-14,65,9360,1800,90,137,47,1872.0,69,1872,7807,1553
501,2017-08-15,69,8844,1800,90,38,0,1769.0,73,1769,7808,1036
502,2017-08-16,66,9114,1800,90,89,0,1823.0,70,1823,7810,1304
503,2017-08-17,59,9006,1800,90,61,0,1802.0,62,1802,7811,1195
504,2017-08-18,61,8796,1800,90,21,0,1760.0,64,1760,7813,983
505,2017-08-19,52,8748,1800,90,2,0,1750.0,55,1750,7814,934
506,2017-08-20,61,8406,1800,90,0,0,,64,1682,7816,590
507,2017-08-21,66,8316,1800,90,0,0,,70,1664,7817,499
508,2017-08-22,76,8556,1800,90,0,0,,80,1712,7819,737
509,2017-08-23,74,7602,1800,90,0,0,,78,1521,7820,-218
510,2017-08-24,72,9156,1800,90,104,14,1832.0,76,1832,7822,1334
511,2017-08-25,75,7092,1800,90,0,0,,79,1419,7823,-731
512,2017-08-26,72,8880,1800,90,48,0,1776.0,76,1776,7825,1055
513,2017-08-27,68,7386,1800,90,0,0,,72,1478,7826,-440
514,2017-08-28,73,7566,1800,90,0,0,,77,1514,7828,-262
515,2017-08-29,66,9546,1800,90,176,86,1910.0,70,1910,7829,1717
516,2017-08-30,62,6924,1800,90,0,0,,65,1385,7831,-907
517,2017-08-31,69,7710,1800,90,0,0,,73,1542,7832,-122
518,2017-09-01,78,9210,1800,90,120,30,1842.0,82,1842,7834,1376
519,2017-09-02,67,8922,1800,90,52,0,1785.0,71,1785,7835,1087
520,2017-09-03,66,9228,1800,90,112,22,1846.0,70,1846,7837,1391
521,2017-09-04,75,8178,1800,90,0,0,,79,1636,7838,340
522,2017-09-05,76,8280,1800,90,0,0,,80,1656,7840,440
523,2017-09-06,83,8010,1800,90,0,0,,88,1602,7841,169
524,2017-09-07,93,7338,1800,90,0,0,,98,1468,7843,-505
525,2017-09-08,89,6978,1800,90,0,0,,94,1396,7844,-866
526,2017-09-09,89,7584,1800,90,0,0,,94,1517,7846,-262
527,2017-09-10,88,8586,1800,90,6,0,1718.0,93,1718,7847,739
528,2017-09-11,90,8070,1800,90,0,0,,95,1614,7848,222
529,2017-09-12,78,8076,1800,90,0,0,,82,1616,7850,226
530,2017-09-13,88,9654,1800,90,219,129,1931.0,93,1931,7851,1803
531,2017-09-14,82,6666,1800,90,0,0,,87,1334,7853,-1187
532,2017-09-15,88,8604,1800,90,9,0,1721.0,93,1721,7854,750
533,2017-09-16,74,8964,1800,90,67,0,1793.0,78,1793,7856,1108
534,2017-09-17,79,6168,1800,90,0,0,,83,1234,7857,-1689
535,2017-09-18,78,8946,1800,90,68,0,1790.0,82,1790,7859,1087
536,2017-09-19,86,7224,1800,90,0,0,,91,1445,7860,-636
537,2017-09-20,92,8064,1800,90,0,0,,97,1613,7862,202
538,2017-09-21,101,8514,1800,90,4,0,1703.0,107,1703,7863,651
539,2017-09-22,106,7794,1800,90,0,0,,112,1559,7865,-71
540,2017-09-23,93,8922,1800,90,78,0,1785.0,98,1785,7866,1056
541,2017-09-24,94,6768,1800,90,0,0,,99,1354,7868,-1100
542,2017-09-25,93,7116,1800,90,0,0,,98,1424,7869,-753
543,2017-09-26,80,8670,1800,90,14,0,1734.0,84,1734,7871,799
544,2017-09-27,76,7836,1800,90,0,0,,80,1568,7872,-36
545,2017-09-28,73,6690,1800,90,0,0,,77,1338,7874,-1184
546,2017-09-29,83,8808,1800,90,45,0,1762.0,88,1762,7875,933
547,2017-09-30,77,8304,1800,90,0,0,,81,1661,7877,427
548,2017-10-01,81,9414,1800,90,164,74,1883.0,86,1883,7878,1536
549,2017-10-02,82,8484,1800,90,0,0,,87,1697,7880,604
550,2017-10-03,88,8664,1800,90,21,0,1733.0,93,1733,7881,783
551,2017-10-04,96,8820,1800,90,60,0,1764.0,101,1764,7883,937
552,2017-10-05,86,9852,1800,90,257,167,1971.0,91,1971,7884,1968
553,2017-10-06,89,8232,1800,90,0,0,,94,1647,7886,346
554,2017-10-07,81,6426,1800,90,0,0,,86,1286,7887,-1461
555,2017-10-08,91,7014,1800,90,0,0,,96,1403,7889,-875
556,2017-10-09,95,9564,1800,90,208,118,1913.0,100,1913,7890,1674
557,2017-10-10,91,8670,1800,90,25,0,1734.0,96,1734,7892,778
558,2017-10-11,88,7854,1800,90,0,0,,93,1571,7893,-39
559,2017-10-12,92,7050,1800,90,0,0,,97,1410,7895,-845
560,2017-10-13,88,6468,1800,90,0,0,,93,1294,7896,-1428
561,2017-10-14,75,6972,1800,90,0,0,,79,1395,7898,-926
562,2017-10-15,88,7908,1800,90,0,0,,93,1582,7899,9
563,2017-10-16,96,9054,1800,90,107,17,1811.0,101,1811,7901,1153
564,2017-10-17,94,7728,1800,90,0,0,,99,1546,7902,-174
565,2017-10-18,93,7518,1800,90,0,0,,98,1504,7904,-386
566,2017-10-19,93,8472,1800,90,0,0,,98,1695,7905,567
567,2017-10-20,97,7434,1800,90,0,0,,102,1487,7907,-473
568,2017-10-21,96,6966,1800,90,0,0,,101,1394,7908,-942
569,2017-10-22,95,7062,1800,90,0,0,,100,1413,7910,-848
570,2017-10-23,89,7596,1800,90,0,0,,94,1520,7911,-315
571,2017-10-24,81,8346,1800,90,0,0,,86,1670,7913,433
572,2017-10-25,78,7608,1800,90,0,0,,82,1522,7914,-306
573,2017-10-26,77,7854,1800,90,0,0,,81,1571,7916,-62
574,2017-10-27,73,8502,1800,90,0,0,,77,1701,7917,585
575,2017-10-28,64,6462,1800,90,0,0,,68,1293,7919,-1457
576,2017-10-29,119,7764,1800,90,0,0,,126,1553,7920,-156
577,2017-10-30,64,9258,1800,90,116,26,1852.0,68,1852,7922,1336
578,2017-10-31,64,7200,1800,90,0,0,,68,1440,7923,-723
579,2017-11-01,57,9930,1800,90,243,153,1986.0,60,1986,7925,2005
580,2017-11-02,60,8766,1800,90,14,0,1754.0,63,1754,7926,840
581,2017-11-03,62,9468,1800,90,156,66,1894.0,65,1894,7928,1540
582,2017-11-04,49,7650,1800,90,0,0,,52,1530,7929,-279
583,2017-11-05,61,7086,1800,90,0,0,,64,1418,7931,-845
584,2017-11-06,64,7494,1800,90,0,0,,68,1499,7932,-438
585,2017-11-07,64,7638,1800,90,0,0,,68,1528,7934,-296
586,2017-11-08,58,7128,1800,90,0,0,,61,1426,7935,-807
587,2017-11-09,73,6360,1800,90,0,0,,77,1272,7937,-1577
588,2017-11-10,68,6930,1800,90,0,0,,72,1386,7938,-1008
589,2017-11-11,64,7170,1800,90,0,0,,68,1434,7940,-770
590,2017-11-12,61,6360,1800,90,0,0,,64,1272,7941,-1581
591,2017-11-13,61,8610,1800,90,0,0,,64,1722,7943,667
592,2017-11-14,63,8322,1800,90,0,0,,66,1665,7944,378
593,2017-11-15,68,7206,1800,90,0,0,,72,1442,7946,-740
594,2017-11-16,65,7182,1800,90,0,0,,69,1437,7947,-765
595,2017-11-17,73,6870,1800,90,0,0,,77,1374,7949,-1079
596,2017-11-18,65,6294,1800,90,0,0,,69,1259,7950,-1656
597,2017-11-19,67,5724,1800,90,0,0,,71,1145,7952,-2228
598,2017-11-20,70,6126,1800,90,0,0,,74,1226,7953,-1827
599,2017-11-21,70,7740,1800,90,0,0,,74,1548,7955,-215
600,2017-11-22,62,7674,1800,90,0,0,,65,1535,7956,-282
601,2017-11-23,59,6048,1800,90,0,0,,62,1210,7958,-1910
602,2017-11-24,60,6402,1800,90,0,0,,63,1281,7959,-1557
603,2017-11-25,52,6444,1800,90,0,0,,55,1289,7961,-1517
604,2017-11-26,62,5532,1800,90,0,0,,65,1107,7962,-2430
605,2017-11-27,72,6042,1800,90,0,0,,76,1209,7964,-1922
606,2017-11-28,70,7632,1800,90,0,0,,74,1527,7965,-333
607,2017-11-29,67,6150,1800,90,0,0,,71,1230,7967,-1817
608,2017-11-30,67,7620,1800,90,0,0,,71,1524,7968,-348
609,2017-12-01,69,8082,1800,90,0,0,,73,1617,7970,112
610,2017-12-02,62,6030,1800,90,0,0,,65,1206,7971,-1941
611,2017-12-03,66,6312,1800,90,0,0,,70,1263,7973,-1661
612,2017-12-04,76,7158,1800,90,0,0,,80,1432,7974,-816
613,2017-12-05,71,8406,1800,90,0,0,,75,1682,7976,430
614,2017-12-06,66,7644,1800,90,0,0,,70,1529,7977,-333
615,2017-12-07,69,6954,1800,90,0,0,,73,1391,7979,-1025
616,2017-12-08,59,6714,1800,90,0,0,,62,1343,7980,-1266
617,2017-12-09,57,7338,1800,90,0,0,,60,1468,7982,-644
618,2017-12-10,66,6390,1800,90,0,0,,70,1278,7983,-1593
619,2017-12-11,68,6162,1800,90,0,0,,72,1233,7985,-1823
620,2017-12-12,67,7602,1800,90,0,0,,71,1521,7986,-384
621,2017-12-13,69,6450,1800,90,0,0,,73,1290,7988,-1538
622,2017-12-14,79,6480,1800,90,0,0,,83,1296,7989,-1509
623,2017-12-15,83,5556,1800,90,0,0,,88,1112,7991,-2435
624,2017-12-16,74,7620,1800,90,0,0,,78,1524,7992,-372
625,2017-12-17,75,5364,1800,90,0,0,,79,1073,7994,-2630
626,2017-12-18,83,6096,1800,90,0,0,,88,1220,7995,-1899
627,2017-12-19,82,5988,1800,90,0,0,,87,1198,7997,-2009
628,2017-12-20,78,6714,1800,90,0,0,,82,1343,7998,-1284
629,2017-12-21,83,7800,1800,90,0,0,,88,1560,8000,-200
630,2017-12-22,81,7062,1800,90,0,0,,86,1413,8001,-939
631,2017-12-23,65,7152,1800,90,0,0,,69,1431,8003,-851
632,2017-12-24,57,4854,1800,90,0,0,,60,971,8004,-3150
633,2017-12-25,60,7692,1800,90,0,0,,63,1539,8006,-314
634,2017-12-26,62,5814,1800,90,0,0,,65,1163,8007,-2193
635,2017-12-27,76,6558,1800,90,0,0,,80,1312,8009,-1451
636,2017-12-28,81,6978,1800,90,0,0,,86,1396,8010,-1032
637,2017-12-29,75,7494,1800,90,0,0,,79,1499,8012,-518
638,2017-12-30,71,6432,1800,90,0,0,,75,1287,8013,-1581
639,2017-12-31,71,4908,1800,90,0,0,,75,982,8014,-3106
640,2018-01-01,64,9006,1900,90,0,0,,64,1802,8016,990
641,2018-01-02,75,7224,1900,90,0,0,,75,1445,8017,-793
642,2018-01-03,74,6480,1900,90,0,0,,74,1296,8019,-1539
643,2018-01-04,80,6756,1900,90,0,0,,80,1352,8020,-1264
644,2018-01-05,80,8436,1900,90,0,0,,80,1688,8022,414
645,2018-01-06,76,7506,1900,90,0,0,,76,1502,8023,-517
646,2018-01-07,81,7476,1900,90,0,0,,81,1496,8025,-549
647,2018-01-08,90,8412,1900,90,0,0,,90,1683,8026,386
648,2018-01-09,83,8202,1900,90,0,0,,83,1641,8028,174
649,2018-01-10,82,8460,1900,90,0,0,,82,1692,8029,431
650,2018-01-11,80,6834,1900,90,0,0,,80,1367,8031,-1197
651,2018-01-12,82,7374,1900,90,0,0,,82,1475,8032,-658
652,2018-01-13,73,6642,1900,90,0,0,,73,1329,8034,-1392
653,2018-01-14,84,6756,1900,90,0,0,,84,1352,8035,-1279
654,2018-01-15,90,6804,1900,90,0,0,,90,1361,8037,-1233
655,2018-01-16,90,8040,1900,90,0,0,,90,1608,8038,2
656,2018-01-17,83,5742,1900,90,0,0,,83,1149,8040,-2298
657,2018-01-18,86,8034,1900,90,0,0,,86,1607,8041,-7
658,2018-01-19,93,8088,1900,90,0,0,,93,1618,8043,45
659,2018-01-20,78,5808,1900,90,0,0,,78,1162,8044,-2236
660,2018-01-21,85,6864,1900,90,0,0,,85,1373,8046,-1182
661,2018-01-22,75,5514,1900,90,0,0,,75,1103,8047,-2533
662,2018-01-23,66,5838,1900,90,0,0,,66,1168,8049,-2211
663,2018-01-24,69,6486,1900,90,0,0,,69,1298,8050,-1564
664,2018-01-25,68,5334,1900,90,0,0,,68,1067,8052,-2718
665,2018-01-26,65,6618,1900,90,0,0,,65,1324,8053,-1435
666,2018-01-27,65,6864,1900,90,0,0,,65,1373,8055,-1191
667,2018-01-28,73,6390,1900,90,0,0,,73,1278,8056,-1666
668,2018-01-29,80,7416,1900,90,0,0,,80,1484,8058,-642
669,2018-01-30,81,5484,1900,90,0,0,,81,1097,8059,-2575
670,2018-01-31,84,6438,1900,90,0,0,,84,1288,8061,-1623
671,2018-02-01,70,8400,1900,90,0,0,,70,1680,8062,338
672,2018-02-02,77,7938,1900,90,0,0,,77,1588,8064,-126
673,2018-02-03,63,8616,1900,90,0,0,,63,1724,8065,551
674,2018-02-04,71,7686,1900,90,0,0,,71,1538,8067,-381
675,2018-02-05,70,7548,1900,90,0,0,,70,1510,8068,-520
676,2018-02-06,69,7416,1900,90,0,0,,69,1484,8070,-654
677,2018-02-07,69,6960,1900,90,0,0,,69,1392,8071,-1111
678,2018-02-08,73,7962,1900,90,0,0,,73,1593,8073,-111
679,2018-02-09,66,8310,1900,90,0,0,,66,1662,8074,236
680,2018-02-10,56,8010,1900,90,0,0,,56,1602,8076,-66
681,2018-02-11,66,6606,1900,90,0,0,,66,1322,8077,-1471
682,2018-02-12,75,6576,1900,90,0,0,,75,1316,8079,-1503
683,2018-02-13,58,7410,1900,90,0,0,,58,1482,8080,-670
684,2018-02-14,64,7038,1900,90,0,0,,64,1408,8082,-1044
685,2018-02-15,60,7176,1900,90,0,0,,60,1436,8083,-907
686,2018-02-16,75,5868,1900,90,0,0,,75,1174,8085,-2217
687,2018-02-17,64,7788,1900,90,0,0,,64,1558,8086,-298
688,2018-02-18,65,7284,1900,90,0,0,,65,1457,8088,-804
689,2018-02-19,67,8076,1900,90,0,0,,67,1616,8089,-13
690,2018-02-20,67,6678,1900,90,0,0,,67,1336,8091,-1413
691,2018-02-21,75,8784,1900,90,0,0,,75,1757,8092,692
692,2018-02-22,68,5958,1900,90,0,0,,68,1192,8094,-2136
693,2018-02-23,71,8634,1900,90,0,0,,71,1727,8095,539
694,2018-02-24,71,5868,1900,90,0,0,,71,1174,8097,-2229
695,2018-02-25,79,5634,1900,90,0,0,,79,1127,8098,-2464
696,2018-02-26,79,6066,1900,90,0,0,,79,1214,8100,-2034
697,2018-02-27,80,8544,1900,90,0,0,,80,1709,8101,443
698,2018-02-28,85,8880,1900,90,0,0,,85,1776,8103,777
699,2018-03-01,78,10152,1900,90,209,119,2031.0,78,2031,8104,2048
700,2018-03-02,80,8802,1900,90,0,0,,80,1761,8106,696
701,2018-03-03,72,7980,1900,90,0,0,,72,1596,8107,-127
702,2018-03-04,74,7752,1900,90,0,0,,74,1551,8109,-357
703,2018-03-05,78,9588,1900,90,96,6,1918.0,78,1918,8110,1478
704,2018-03-06,69,8406,1900,90,0,0,,69,1682,8112,294
705,2018-03-07,76,9462,1900,90,69,0,1893.0,76,1893,8113,1349
706,2018-03-08,80,7368,1900,90,0,0,,80,1474,8115,-747
707,2018-03-09,87,7782,1900,90,0,0,,87,1557,8116,-334
708,2018-03-10,76,8196,1900,90,0,0,,76,1640,8118,78
709,2018-03-11,68,7704,1900,90,0,0,,68,1541,8119,-415
710,2018-03-12,68,9072,1900,90,0,0,,68,1815,8121,951
711,2018-03-13,68,9480,1900,90,64,0,1896.0,68,1896,8122,1358
712,2018-03-14,78,7134,1900,90,0,0,,78,1427,8124,-990
713,2018-03-15,84,9306,1900,90,46,0,1862.0,84,1862,8125,1181
714,2018-03-16,82,7602,1900,90,0,0,,82,1521,8127,-525
715,2018-03-17,72,7932,1900,90,0,0,,72,1587,8128,-196
716,2018-03-18,74,7920,1900,90,0,0,,74,1584,8130,-210
717,2018-03-19,76,8646,1900,90,0,0,,76,1730,8131,515
718,2018-03-20,88,6708,1900,90,0,0,,88,1342,8133,-1425
719,2018-03-21,94,8166,1900,90,0,0,,94,1634,8134,32
720,2018-03-22,88,7116,1900,90,0,0,,88,1424,8136,-1020
721,2018-03-23,100,7290,1900,90,0,0,,100,1458,8137,-847
722,2018-03-24,84,6612,1900,90,0,0,,84,1323,8139,-1527
723,2018-03-25,83,7248,1900,90,0,0,,83,1450,8140,-892
724,2018-03-26,74,7680,1900,90,0,0,,74,1536,8142,-462
725,2018-03-27,70,7470,1900,90,0,0,,70,1494,8143,-673
726,2018-03-28,69,6876,1900,90,0,0,,69,1376,8145,-1269
727,2018-03-29,81,8190,1900,90,0,0,,81,1638,8146,44
728,2018-03-30,89,8526,1900,90,0,0,,89,1706,8148,378
729,2018-03-31,72,8010,1900,90,0,0,,72,1602,8149,-139
730,2018-04-01,64,9522,1900,90,69,0,1905.0,64,1905,8151,1371
731,2018-04-02,58,9642,1900,90,87,0,1929.0,58,1929,8152,1490
732,2018-04-03,65,9048,1900,90,0,0,,65,1810,8154,894
733,2018-04-04,62,10566,1900,90,276,186,2114.0,62,2114,8155,2411
734,2018-04-05,65,7932,1900,90,0,0,,65,1587,8157,-225
735,2018-04-06,67,9654,1900,90,98,8,1931.0,67,1931,8158,1496
736,2018-04-07,68,8202,1900,90,0,0,,68,1641,8160,42
737,2018-04-08,70,8268,1900,90,0,0,,70,1654,8161,107
738,2018-04-09,74,9438,1900,90,62,0,1888.0,74,1888,8163,1275
739,2018-04-10,66,8580,1900,90,0,0,,66,1716,8164,416
740,2018-04-11,70,7686,1900,90,0,0,,70,1538,8166,-480
741,2018-04-12,73,10080,1900,90,189,99,2016.0,73,2016,8167,1913
742,2018-04-13,72,8454,1900,90,0,0,,72,1691,8169,285
743,2018-04-14,64,8490,1900,90,0,0,,64,1698,8170,320
744,2018-04-15,65,7782,1900,90,0,0,,65,1557,8172,-390
745,2018-04-16,60,8160,1900,90,0,0,,60,1632,8173,-13
746,2018-04-17,56,10068,1900,90,170,80,2014.0,56,2014,8175,1893
747,2018-04-18,64,8352,1900,90,0,0,,64,1671,8176,176
748,2018-04-19,64,7080,1900,90,0,0,,64,1416,8178,-1098
749,2018-04-20,61,9534,1900,90,68,0,1907.0,61,1907,8179,1355
750,2018-04-21,57,9288,1900,90,15,0,1858.0,57,1858,8180,1108
751,2018-04-22,58,8760,1900,90,0,0,,58,1752,8182,578
752,2018-04-23,57,8136,1900,90,0,0,,57,1628,8183,-47
753,2018-04-24,52,8412,1900,90,0,0,,52,1683,8185,227
754,2018-04-25,55,9174,1900,90,0,0,,55,1835,8186,988
755,2018-04-26,58,9522,1900,90,63,0,1905.0,58,1905,8188,1334
756,2018-04-27,55,8220,1900,90,0,0,,55,1644,8189,31
757,2018-04-28,54,8178,1900,90,0,0,,54,1636,8191,-13
758,2018-04-29,55,8412,1900,90,0,0,,55,1683,8192,220
759,2018-04-30,60,9504,1900,90,61,0,1901.0,60,1901,8194,1310
760,2018-05-01,65,9714,1900,90,108,18,1943.0,65,1943,8195,1519
761,2018-05-02,74,8880,1900,90,0,0,,74,1776,8197,683
762,2018-05-03,78,8652,1900,90,0,0,,78,1731,8198,454
763,2018-05-04,76,9078,1900,90,0,0,,76,1816,8200,878
764,2018-05-05,71,9642,1900,90,100,10,1929.0,71,1929,8201,1441
765,2018-05-06,72,9882,1900,90,149,59,1977.0,72,1977,8203,1679
766,2018-05-07,70,10320,1900,90,234,144,2064.0,70,2064,8204,2116
767,2018-05-08,55,9078,1900,90,0,0,,55,1816,8206,872
768,2018-05-09,53,8358,1900,90,0,0,,53,1672,8207,151
769,2018-05-10,53,8562,1900,90,0,0,,53,1713,8209,353
770,2018-05-11,55,8268,1900,90,0,0,,55,1654,8210,58
771,2018-05-12,49,9432,1900,90,36,0,1887.0,49,1887,8212,1220
772,2018-05-13,56,8190,1900,90,0,0,,56,1638,8213,-23
773,2018-05-14,63,8244,1900,90,0,0,,63,1649,8215,29
774,2018-05-15,63,7992,1900,90,0,0,,63,1599,8216,-224
775,2018-05-16,60,9480,1900,90,56,0,1896.0,60,1896,8218,1262
776,2018-05-17,66,7518,1900,90,0,0,,66,1504,8219,-701
777,2018-05-18,68,9942,1900,90,157,67,1989.0,68,1989,8221,1721
778,2018-05-19,73,6822,1900,90,0,0,,73,1365,8222,-1400
779,2018-05-20,78,8460,1900,90,0,0,,78,1692,8224,236
780,2018-05-21,78,9654,1900,90,109,19,1931.0,78,1931,8225,1429
781,2018-05-22,83,8442,1900,90,0,0,,83,1689,8227,215
782,2018-05-23,80,7422,1900,90,0,0,,80,1485,8228,-806
783,2018-05-24,90,8814,1900,90,0,0,,90,1763,8230,584
784,2018-05-25,102,7572,1900,90,0,0,,102,1515,8231,-659
785,2018-05-26,89,8136,1900,90,0,0,,89,1628,8233,-97
786,2018-05-27,88,7428,1900,90,0,0,,88,1486,8234,-806
787,2018-05-28,80,8862,1900,90,0,0,,80,1773,8236,626
788,2018-05-29,70,8226,1900,90,0,0,,70,1646,8237,-11
789,2018-05-30,68,8064,1900,90,0,0,,68,1613,8239,-175
790,2018-05-31,67,7392,1900,90,0,0,,67,1479,8240,-848
791,2018-06-01,66,10752,1900,90,317,227,2151.0,66,2151,8242,2510
792,2018-06-02,60,8766,1900,90,0,0,,60,1754,8243,523
793,2018-06-03,71,9834,1900,90,138,48,1967.0,71,1967,8245,1589
794,2018-06-04,80,11370,1900,90,454,364,2274.0,80,2274,8246,3124
795,2018-06-05,71,10020,1900,90,175,85,2004.0,71,2004,8248,1772
796,2018-06-06,77,9180,1900,90,13,0,1836.0,77,1836,8249,931
797,2018-06-07,77,8718,1900,90,0,0,,77,1744,8251,467
798,2018-06-08,78,8208,1900,90,0,0,,78,1642,8252,-44
799,2018-06-09,79,9318,1900,90,43,0,1864.0,79,1864,8254,1064
800,2018-06-10,90,7068,1900,90,0,0,,90,1414,8255,-1187
801,2018-06-11,78,9012,1900,90,0,0,,78,1803,8257,755
802,2018-06-12,72,10380,1900,90,248,158,2076.0,72,2076,8258,2122
803,2018-06-13,80,10638,1900,90,308,218,2128.0,80,2128,8260,2378
804,2018-06-14,78,8826,1900,90,0,0,,78,1766,8261,565
805,2018-06-15,85,8994,1900,90,0,0,,85,1799,8263,731
806,2018-06-16,82,8196,1900,90,0,0,,82,1640,8264,-68
807,2018-06-17,89,7488,1900,90,0,0,,89,1498,8266,-778
808,2018-06-18,86,8382,1900,90,0,0,,86,1677,8267,115
809,2018-06-19,85,10452,1900,90,276,186,2091.0,85,2091,8269,2183
810,2018-06-20,90,9060,1900,90,2,0,1812.0,90,1812,8270,790
811,2018-06-21,90,7902,1900,90,0,0,,90,1581,8272,-370
812,2018-06-22,91,7356,1900,90,0,0,,91,1472,8273,-917
813,2018-06-23,86,9600,1900,90,106,16,1920.0,86,1920,8275,1325
814,2018-06-24,86,8148,1900,90,0,0,,86,1630,8276,-128
815,2018-06-25,100,10122,1900,90,225,135,2025.0,100,2025,8278,1844
816,2018-06-26,85,9948,1900,90,175,85,1990.0,85,1990,8279,1669
817,2018-06-27,86,8070,1900,90,0,0,,86,1614,8281,-211
818,2018-06-28,82,9588,1900,90,100,10,1918.0,82,1918,8282,1306
819,2018-06-29,89,9510,1900,90,91,1,1902.0,89,1902,8284,1226
820,2018-06-30,90,7692,1900,90,0,0,,90,1539,8285,-593
821,2018-07-01,81,9240,1900,90,29,0,1848.0,81,1848,8287,953
822,2018-07-02,80,10416,1900,90,264,174,2084.0,80,2084,8288,2128
823,2018-07-03,70,8694,1900,90,0,0,,70,1739,8290,404
824,2018-07-04,60,8844,1900,90,0,0,,60,1769,8291,553
825,2018-07-05,63,8544,1900,90,0,0,,63,1709,8293,251
826,2018-07-06,71,9462,1900,90,64,0,1893.0,71,1893,8294,1168
827,2018-07-07,72,9420,1900,90,56,0,1884.0,72,1884,8296,1124
828,2018-07-08,78,8418,1900,90,0,0,,78,1684,8297,121
829,2018-07-09,83,9336,1900,90,51,0,1868.0,83,1868,8299,1037
830,2018-07-10,78,9768,1900,90,132,42,1954.0,78,1954,8300,1468
831,2018-07-11,84,9348,1900,90,54,0,1870.0,84,1870,8302,1046
832,2018-07-12,80,10572,1900,90,295,205,2115.0,80,2115,8303,2269
833,2018-07-13,66,9300,1900,90,26,0,1860.0,66,1860,8305,995
834,2018-07-14,66,10050,1900,90,176,86,2010.0,66,2010,8306,1744
835,2018-07-15,73,8742,1900,90,0,0,,73,1749,8308,434
836,2018-07-16,70,9960,1900,90,162,72,1992.0,70,1992,8309,1651
837,2018-07-17,62,9210,1900,90,4,0,1842.0,62,1842,8311,899
838,2018-07-18,65,9354,1900,90,36,0,1871.0,65,1871,8312,1042
839,2018-07-19,75,9378,1900,90,51,0,1876.0,75,1876,8314,1064
840,2018-07-20,72,7740,1900,90,0,0,,72,1548,8315,-575
841,2018-07-21,65,8550,1900,90,0,0,,65,1710,8317,233
842,2018-07-22,62,6978,1900,90,0,0,,62,1396,8318,-1340
843,2018-07-23,69,8148,1900,90,0,0,,69,1630,8320,-172
844,2018-07-24,69,9396,1900,90,49,0,1880.0,69,1880,8321,1075
845,2018-07-25,69,8586,1900,90,0,0,,69,1718,8323,263
846,2018-07-26,78,8322,1900,90,0,0,,78,1665,8324,-2
847,2018-07-27,82,7872,1900,90,0,0,,82,1575,8326,-454
848,2018-07-28,77,7110,1900,90,0,0,,77,1422,8327,-1217
849,2018-07-29,91,8376,1900,90,0,0,,91,1676,8329,47
850,2018-07-30,92,8442,1900,90,0,0,,92,1689,8330,112
851,2018-07-31,87,8394,1900,90,0,0,,87,1679,8332,62
852,2018-08-01,75,9114,1900,90,0,0,,75,1823,8333,781
853,2018-08-02,79,9024,1900,90,0,0,,79,1805,8335,689
854,2018-08-03,77,9780,1900,90,133,43,1956.0,77,1956,8336,1444
855,2018-08-04,64,8946,1900,90,0,0,,64,1790,8338,608
856,2018-08-05,61,9054,1900,90,0,0,,61,1811,8339,715
857,2018-08-06,68,8322,1900,90,0,0,,68,1665,8341,-19
858,2018-08-07,69,9108,1900,90,0,0,,69,1822,8342,766
859,2018-08-08,74,8676,1900,90,0,0,,74,1736,8344,332
860,2018-08-09,75,7926,1900,90,0,0,,75,1586,8345,-419
861,2018-08-10,74,8406,1900,90,0,0,,74,1682,8346,60
862,2018-08-11,59,7692,1900,90,0,0,,59,1539,8348,-656
863,2018-08-12,63,8070,1900,90,0,0,,63,1614,8349,-279
864,2018-08-13,64,8016,1900,90,0,0,,64,1604,8351,-335
865,2018-08-14,58,10146,1900,90,188,98,2030.0,58,2030,8352,1794
866,2018-08-15,53,8304,1900,90,0,0,,53,1661,8354,-50
867,2018-08-16,56,9648,1900,90,86,0,1930.0,56,1930,8355,1293
868,2018-08-17,62,7842,1900,90,0,0,,62,1569,8357,-515
869,2018-08-18,66,7470,1900,90,0,0,,66,1494,8358,-888
870,2018-08-19,75,9228,1900,90,21,0,1846.0,75,1846,8360,868
871,2018-08-20,79,8304,1900,90,0,0,,79,1661,8361,-57
872,2018-08-21,71,9996,1900,90,171,81,2000.0,71,2000,8363,1633
873,2018-08-22,79,9354,1900,90,50,0,1871.0,79,1871,8364,990
874,2018-08-23,83,9786,1900,90,141,51,1958.0,83,1958,8366,1420
875,2018-08-24,89,9072,1900,90,4,0,1815.0,89,1815,8367,705
876,2018-08-25,82,9558,1900,90,94,4,1912.0,82,1912,8369,1189
877,2018-08-26,95,8712,1900,90,0,0,,95,1743,8370,342
878,2018-08-27,90,9138,1900,90,18,0,1828.0,90,1828,8372,766
879,2018-08-28,92,8652,1900,90,0,0,,92,1731,8373,279
880,2018-08-29,80,8064,1900,90,0,0,,80,1613,8375,-311
881,2018-08-30,77,8244,1900,90,0,0,,77,1649,8376,-132
882,2018-08-31,87,9780,1900,90,143,53,1956.0,87,1956,8378,1402
883,2018-09-01,84,10644,1900,90,313,223,2129.0,84,2129,8379,2265
884,2018-09-02,83,10002,1900,90,184,94,2001.0,83,2001,8381,1621
885,2018-09-03,85,10656,1900,90,317,227,2132.0,85,2132,8382,2274
886,2018-09-04,80,9270,1900,90,34,0,1854.0,80,1854,8384,886
887,2018-09-05,82,10752,1900,90,333,243,2151.0,82,2151,8385,2367
888,2018-09-06,88,9966,1900,90,182,92,1994.0,88,1994,8387,1579
889,2018-09-07,91,9336,1900,90,59,0,1868.0,91,1868,8388,948
890,2018-09-08,85,8970,1900,90,0,0,,85,1794,8390,580
891,2018-09-09,94,8622,1900,90,0,0,,94,1725,8391,231
892,2018-09-10,102,7896,1900,90,0,0,,102,1580,8393,-497
893,2018-09-11,90,9504,1900,90,91,1,1901.0,90,1901,8394,1110
894,2018-09-12,91,9606,1900,90,113,23,1922.0,91,1922,8396,1210
895,2018-09-13,97,8010,1900,90,0,0,,97,1602,8397,-387
896,2018-09-14,100,7662,1900,90,0,0,,100,1533,8399,-737
897,2018-09-15,97,7746,1900,90,0,0,,97,1550,8400,-654
898,2018-09-16,93,9120,1900,90,17,0,1824.0,93,1824,8402,718
899,2018-09-17,90,7680,1900,90,0,0,,90,1536,8403,-723
900,2018-09-18,89,8892,1900,90,0,0,,89,1779,8405,487
901,2018-09-19,107,8040,1900,90,0,0,,107,1608,8406,-366
902,2018-09-20,116,8784,1900,90,0,0,,116,1757,8408,376
903,2018-09-21,116,9108,1900,90,38,0,1822.0,116,1822,8409,699
904,2018-09-22,102,9438,1900,90,90,0,1888.0,102,1888,8411,1027
905,2018-09-23,104,6420,1900,90,0,0,,104,1284,8412,-1992
906,2018-09-24,104,8700,1900,90,0,0,,104,1740,8414,286
907,2018-09-25,106,9228,1900,90,52,0,1846.0,106,1846,8415,813
908,2018-09-26,104,8364,1900,90,0,0,,104,1673,8417,-53
909,2018-09-27,106,7800,1900,90,0,0,,106,1560,8418,-618
910,2018-09-28,114,7278,1900,90,0,0,,114,1456,8420,-1142
911,2018-09-29,100,7224,1900,90,0,0,,100,1445,8421,-1197
912,2018-09-30,102,7734,1900,90,0,0,,102,1547,8423,-689
913,2018-10-01,100,9456,1900,90,92,2,1892.0,100,1892,8424,1032
914,2018-10-02,89,9036,1900,90,0,0,,89,1808,8426,610
915,2018-10-03,94,8592,1900,90,0,0,,94,1719,8427,165
916,2018-10-04,93,10188,1900,90,231,141,2038.0,93,2038,8429,1759
917,2018-10-05,92,8964,1900,90,0,0,,92,1793,8430,534
918,2018-10-06,77,7764,1900,90,0,0,,77,1553,8432,-668
919,2018-10-07,85,7518,1900,90,0,0,,85,1504,8433,-915
920,2018-10-08,93,9990,1900,90,191,101,1998.0,93,1998,8435,1555
921,2018-10-09,97,9870,1900,90,171,81,1974.0,97,1974,8436,1434
922,2018-10-10,97,7896,1900,90,0,0,,97,1580,8438,-542
923,2018-10-11,103,7302,1900,90,0,0,,103,1461,8439,-1137
924,2018-10-12,106,7506,1900,90,0,0,,106,1502,8441,-935
925,2018-10-13,93,9318,1900,90,57,0,1864.0,93,1864,8442,876
926,2018-10-14,99,8124,1900,90,0,0,,99,1625,8444,-320
927,2018-10-15,102,7194,1900,90,0,0,,102,1439,8445,-1251
928,2018-10-16,97,9300,1900,90,57,0,1860.0,97,1860,8447,853
929,2018-10-17,97,9834,1900,90,164,74,1967.0,97,1967,8448,1386
930,2018-10-18,100,8874,1900,90,0,0,,100,1775,8450,424
931,2018-10-19,109,6852,1900,90,0,0,,109,1371,8451,-1599
932,2018-10-20,98,6816,1900,90,0,0,,98,1364,8453,-1637
933,2018-10-21,103,8832,1900,90,0,0,,103,1767,8454,378
934,2018-10-22,102,7968,1900,90,0,0,,102,1594,8456,-488
935,2018-10-23,98,9468,1900,90,92,2,1894.0,98,1894,8457,1011
936,2018-10-24,90,7074,1900,90,0,0,,90,1415,8459,-1385
937,2018-10-25,78,7512,1900,90,0,0,,78,1503,8460,-948
938,2018-10-26,81,7092,1900,90,0,0,,81,1419,8462,-1370
939,2018-10-27,79,8766,1900,90,0,0,,79,1754,8463,303
940,2018-10-28,87,7710,1900,90,0,0,,87,1542,8465,-755
941,2018-10-29,93,7662,1900,90,0,0,,93,1533,8466,-804
942,2018-10-30,82,7164,1900,90,0,0,,82,1433,8468,-1304
943,2018-10-31,85,8502,1900,90,0,0,,85,1701,8469,33
944,2018-11-01,77,9174,1900,90,12,0,1835.0,77,1835,8471,703
945,2018-11-02,75,10140,1900,90,203,113,2028.0,75,2028,8472,1668
946,2018-11-03,70,7806,1900,90,0,0,,70,1562,8474,-668
947,2018-11-04,72,9168,1900,90,6,0,1834.0,72,1834,8475,693
948,2018-11-05,75,7752,1900,90,0,0,,75,1551,8477,-725
949,2018-11-06,62,9132,1900,90,0,0,,62,1827,8478,654
950,2018-11-07,57,7638,1900,90,0,0,,57,1528,8480,-842
951,2018-11-08,58,7188,1900,90,0,0,,58,1438,8481,-1293
952,2018-11-09,66,7722,1900,90,0,0,,66,1545,8483,-761
953,2018-11-10,60,9150,1900,90,0,0,,60,1830,8484,666
954,2018-11-11,67,8880,1900,90,0,0,,67,1776,8486,394
955,2018-11-12,75,7614,1900,90,0,0,,75,1523,8487,-873
956,2018-11-13,63,8322,1900,90,0,0,,63,1665,8489,-167
957,2018-11-14,61,7614,1900,90,0,0,,61,1523,8490,-876
958,2018-11-15,66,7146,1900,90,0,0,,66,1430,8492,-1346
959,2018-11-16,78,6558,1900,90,0,0,,78,1312,8493,-1935
960,2018-11-17,71,6882,1900,90,0,0,,71,1377,8495,-1613
961,2018-11-18,74,8610,1900,90,0,0,,74,1722,8496,114
962,2018-11-19,88,9120,1900,90,12,0,1824.0,88,1824,8498,622
963,2018-11-20,79,7200,1900,90,0,0,,79,1440,8499,-1299
964,2018-11-21,72,8034,1900,90,0,0,,72,1607,8501,-467
965,2018-11-22,72,9060,1900,90,0,0,,72,1812,8502,558
966,2018-11-23,73,6690,1900,90,0,0,,73,1338,8504,-1814
967,2018-11-24,63,7812,1900,90,0,0,,63,1563,8505,-693
968,2018-11-25,74,7740,1900,90,0,0,,74,1548,8507,-767
969,2018-11-26,72,8046,1900,90,0,0,,72,1610,8508,-462
970,2018-11-27,81,6810,1900,90,0,0,,81,1362,8510,-1700
971,2018-11-28,78,8598,1900,90,0,0,,78,1720,8511,87
972,2018-11-29,78,7716,1900,90,0,0,,78,1544,8512,-796
973,2018-11-30,91,7518,1900,90,0,0,,91,1504,8514,-996
974,2018-12-01,72,9678,1900,90,108,18,1936.0,72,1936,8515,1163
975,2018-12-02,79,7812,1900,90,0,0,,79,1563,8517,-705
976,2018-12-03,88,9486,1900,90,86,0,1898.0,88,1898,8518,968
977,2018-12-04,90,7896,1900,90,0,0,,90,1580,8520,-624
978,2018-12-05,85,8076,1900,90,0,0,,85,1616,8521,-445
979,2018-12-06,81,8220,1900,90,0,0,,81,1644,8523,-303
980,2018-12-07,84,8268,1900,90,0,0,,84,1654,8524,-256
981,2018-12-08,73,8292,1900,90,0,0,,73,1659,8526,-234
982,2018-12-09,74,6024,1900,90,0,0,,74,1205,8527,-2503
983,2018-12-10,87,8616,1900,90,0,0,,87,1724,8529,87
984,2018-12-11,88,6942,1900,90,0,0,,88,1389,8530,-1588
985,2018-12-12,95,6516,1900,90,0,0,,95,1304,8532,-2016
986,2018-12-13,101,8010,1900,90,0,0,,101,1602,8533,-523
987,2018-12-14,85,6552,1900,90,0,0,,85,1311,8535,-1983
988,2018-12-15,72,6102,1900,90,0,0,,72,1221,8536,-2434
989,2018-12-16,83,5850,1900,90,0,0,,83,1170,8538,-2688
990,2018-12-17,94,8532,1900,90,0,0,,94,1707,8539,-7
991,2018-12-18,94,8238,1900,90,0,0,,94,1648,8541,-303
992,2018-12-19,100,8982,1900,90,0,0,,100,1797,8542,440
993,2018-12-20,95,7620,1900,90,0,0,,95,1524,8544,-924
994,2018-12-21,106,5844,1900,90,0,0,,106,1169,8545,-2701
995,2018-12-22,85,5904,1900,90,0,0,,85,1181,8547,-2643
996,2018-12-23,76,6684,1900,90,0,0,,76,1337,8548,-1864
997,2018-12-24,59,7392,1900,90,0,0,,59,1479,8550,-1158
998,2018-12-25,58,7008,1900,90,0,0,,58,1402,8551,-1543
999,2018-12-26,63,6744,1900,90,0,0,,63,1349,8553,-1809
1000,2018-12-27,74,8316,1900,90,0,0,,74,1664,8554,-238
1001,2018-12-28,78,8652,1900,90,0,0,,78,1731,8556,96
1002,2018-12-29,76,6006,1900,90,0,0,,76,1202,8557,-2551
1003,2018-12-30,78,6120,1900,90,0,0,,78,1224,8559,-2439
1004,2018-12-31,75,6318,1900,90,0,0,,75,1264,8560,-2242
1005,2019-01-01,57,8382,1900,90,0,0,,57,1677,8562,-180
1006,2019-01-02,82,9672,1900,90,117,27,1935.0,82,1935,8563,1109
1007,2019-01-03,83,7404,1900,90,0,0,,83,1481,8565,-1161
1008,2019-01-04,83,9240,1900,90,31,0,1848.0,83,1848,8566,674
1009,2019-01-05,73,7746,1900,90,0,0,,73,1550,8568,-822
1010,2019-01-06,75,7266,1900,90,0,0,,75,1454,8569,-1303
1011,2019-01-07,78,6798,1900,90,0,0,,78,1360,8571,-1773
1012,2019-01-08,79,8952,1900,90,0,0,,79,1791,8572,380
1013,2019-01-09,81,8934,1900,90,0,0,,81,1787,8574,360
1014,2019-01-10,74,8454,1900,90,0,0,,74,1691,8575,-121
1015,2019-01-11,85,8544,1900,90,0,0,,85,1709,8577,-33
1016,2019-01-12,71,7824,1900,90,0,0,,71,1565,8578,-754
1017,2019-01-13,71,7002,1900,90,0,0,,71,1401,8580,-1578
1018,2019-01-14,75,8118,1900,90,0,0,,75,1624,8581,-463
1019,2019-01-15,71,7152,1900,90,0,0,,71,1431,8583,-1431
1020,2019-01-16,72,9240,1900,90,20,0,1848.0,72,1848,8584,656
1021,2019-01-17,75,7332,1900,90,0,0,,75,1467,8586,-1254
1022,2019-01-18,71,7254,1900,90,0,0,,71,1451,8587,-1333
1023,2019-01-19,58,8166,1900,90,0,0,,58,1634,8589,-423
1024,2019-01-20,70,7440,1900,90,0,0,,70,1488,8590,-1150
1025,2019-01-21,72,8430,1900,90,0,0,,72,1686,8592,-162
1026,2019-01-22,72,8196,1900,90,0,0,,72,1640,8593,-397
1027,2019-01-23,72,8850,1900,90,0,0,,72,1770,8595,255
1028,2019-01-24,73,6258,1900,90,0,0,,73,1252,8596,-2338
1029,2019-01-25,71,7284,1900,90,0,0,,71,1457,8598,-1314
1030,2019-01-26,69,5760,1900,90,0,0,,69,1152,8599,-2839
1031,2019-01-27,70,7512,1900,90,0,0,,70,1503,8601,-1089
1032,2019-01-28,80,8994,1900,90,0,0,,80,1799,8602,392
1033,2019-01-29,74,8532,1900,90,0,0,,74,1707,8604,-72
1034,2019-01-30,76,6354,1900,90,0,0,,76,1271,8605,-2251
1035,2019-01-31,85,6276,1900,90,0,0,,85,1256,8607,-2331
1036,2019-02-01,75,8292,1900,90,0,0,,75,1659,8608,-316
1037,2019-02-02,56,7512,1900,90,0,0,,56,1503,8610,-1098
1038,2019-02-03,51,9012,1900,90,0,0,,51,1803,8611,401
1039,2019-02-04,58,10710,1900,90,300,210,2142.0,58,2142,8613,2097
1040,2019-02-05,49,9204,1900,90,0,0,,49,1841,8614,590
1041,2019-02-06,57,8994,1900,90,0,0,,57,1799,8616,378
1042,2019-02-07,61,9984,1900,90,158,68,1997.0,61,1997,8617,1367
1043,2019-02-08,54,8226,1900,90,0,0,,54,1646,8619,-393
1044,2019-02-09,49,6924,1900,90,0,0,,49,1385,8620,-1696
1045,2019-02-10,51,7566,1900,90,0,0,,51,1514,8622,-1056
1046,2019-02-11,55,7656,1900,90,0,0,,55,1532,8623,-967
1047,2019-02-12,57,8508,1900,90,0,0,,57,1702,8625,-117
1048,2019-02-13,62,7302,1900,90,0,0,,62,1461,8626,-1324
1049,2019-02-14,55,7086,1900,90,0,0,,55,1418,8628,-1542
1050,2019-02-15,64,7002,1900,90,0,0,,64,1401,8629,-1627
1051,2019-02-16,68,9036,1900,90,0,0,,68,1808,8631,405
1052,2019-02-17,80,6126,1900,90,0,0,,80,1226,8632,-2506
1053,2019-02-18,81,7764,1900,90,0,0,,81,1553,8634,-870
1054,2019-02-19,81,7638,1900,90,0,0,,81,1528,8635,-997
1055,2019-02-20,80,6972,1900,90,0,0,,80,1395,8637,-1665
1056,2019-02-21,82,9480,1900,90,78,0,1896.0,82,1896,8638,842
1057,2019-02-22,85,9318,1900,90,49,0,1864.0,85,1864,8640,678
1058,2019-02-23,69,9042,1900,90,0,0,,69,1809,8641,401
1059,2019-02-24,71,6384,1900,90,0,0,,71,1277,8643,-2259
1060,2019-02-25,72,9324,1900,90,37,0,1865.0,72,1865,8644,680
1061,2019-02-26,68,8568,1900,90,0,0,,68,1714,8646,-78
1062,2019-02-27,67,9522,1900,90,72,0,1905.0,67,1905,8647,875
1063,2019-02-28,57,6762,1900,90,0,0,,57,1353,8649,-1887
1064,2019-03-01,60,10608,1900,90,282,192,2122.0,60,2122,8650,1958
1065,2019-03-02,60,10620,1900,90,284,194,2124.0,60,2124,8652,1968
1066,2019-03-03,65,10026,1900,90,171,81,2006.0,65,2006,8653,1373
1067,2019-03-04,67,9906,1900,90,149,59,1982.0,67,1982,8655,1251
1068,2019-03-05,62,9312,1900,90,25,0,1863.0,62,1863,8656,656
1069,2019-03-06,66,8112,1900,90,0,0,,66,1623,8658,-546
1070,2019-03-07,59,9684,1900,90,96,6,1937.0,59,1937,8659,1025
1071,2019-03-08,56,9018,1900,90,0,0,,56,1804,8661,357
1072,2019-03-09,51,8826,1900,90,0,0,,51,1766,8662,164
1073,2019-03-10,55,7254,1900,90,0,0,,55,1451,8664,-1410
1074,2019-03-11,58,8394,1900,90,0,0,,58,1679,8665,-271
1075,2019-03-12,62,9348,1900,90,32,0,1870.0,62,1870,8667,681
1076,2019-03-13,70,10536,1900,90,278,188,2108.0,70,2108,8668,1868
1077,2019-03-14,74,9120,1900,90,0,0,,74,1824,8670,450
1078,2019-03-15,66,7944,1900,90,0,0,,66,1589,8671,-727
1079,2019-03-16,55,9906,1900,90,137,47,1982.0,55,1982,8673,1233
1080,2019-03-17,66,8616,1900,90,0,0,,66,1724,8674,-58
1081,2019-03-18,69,7608,1900,90,0,0,,69,1522,8676,-1068
1082,2019-03-19,74,9768,1900,90,128,38,1954.0,74,1954,8677,1091
1083,2019-03-20,75,10080,1900,90,191,101,2016.0,75,2016,8678,1402
1084,2019-03-21,77,9660,1900,90,109,19,1932.0,77,1932,8680,980
1085,2019-03-22,71,8742,1900,90,0,0,,71,1749,8681,61
1086,2019-03-23,68,7386,1900,90,0,0,,68,1478,8683,-1297
1087,2019-03-24,75,9294,1900,90,34,0,1859.0,75,1859,8684,610
1088,2019-03-25,83,8724,1900,90,0,0,,83,1745,8686,38
1089,2019-03-26,78,10008,1900,90,180,90,2002.0,78,2002,8687,1321
1090,2019-03-27,85,7446,1900,90,0,0,,85,1490,8689,-1243
1091,2019-03-28,88,9996,1900,90,188,98,2000.0,88,2000,8690,1306
1092,2019-03-29,91,8076,1900,90,0,0,,91,1616,8692,-616
1093,2019-03-30,83,7356,1900,90,0,0,,83,1472,8693,-1337
1094,2019-03-31,90,7134,1900,90,0,0,,90,1427,8695,-1561
1095,2019-04-01,85,11850,1900,90,555,465,2370.0,85,2370,8696,3154
1096,2019-04-02,81,10920,1900,90,365,275,2184.0,81,2184,8698,2222
1097,2019-04-03,79,11328,1900,90,445,355,2266.0,79,2266,8699,2629
1098,2019-04-04,75,10260,1900,90,227,137,2052.0,75,2052,8701,1559
1099,2019-04-05,67,9444,1900,90,56,0,1889.0,67,1889,8702,742
1100,2019-04-06,57,9900,1900,90,137,47,1980.0,57,1980,8704,1196
1101,2019-04-07,67,8034,1900,90,0,0,,67,1607,8705,-671
1102,2019-04-08,80,9786,1900,90,138,48,1958.0,80,1958,8707,1079
1103,2019-04-09,70,10050,1900,90,180,90,2010.0,70,2010,8708,1342
1104,2019-04-10,68,10638,1900,90,296,206,2128.0,68,2128,8710,1928
1105,2019-04-11,68,9036,1900,90,0,0,,68,1808,8711,325
1106,2019-04-12,71,8256,1900,90,0,0,,71,1652,8713,-457
1107,2019-04-13,65,9264,1900,90,18,0,1853.0,65,1853,8714,550
1108,2019-04-14,70,7188,1900,90,0,0,,70,1438,8716,-1528
1109,2019-04-15,71,10746,1900,90,321,231,2150.0,71,2150,8717,2029
1110,2019-04-16,71,8286,1900,90,0,0,,71,1658,8719,-433
1111,2019-04-17,73,9072,1900,90,0,0,,73,1815,8720,352
1112,2019-04-18,81,9522,1900,90,86,0,1905.0,81,1905,8722,800
1113,2019-04-19,81,9312,1900,90,44,0,1863.0,81,1863,8723,589
1114,2019-04-20,77,10008,1900,90,179,89,2002.0,77,2002,8725,1283
1115,2019-04-21,78,9588,1900,90,96,6,1918.0,78,1918,8726,862
1116,2019-04-22,81,8058,1900,90,0,0,,81,1612,8728,-670
1117,2019-04-23,89,10218,1900,90,233,143,2044.0,89,2044,8729,1489
1118,2019-04-24,91,10692,1900,90,330,240,2139.0,91,2139,8731,1961
1119,2019-04-25,82,8862,1900,90,0,0,,82,1773,8732,130
1120,2019-04-26,80,8532,1900,90,0,0,,80,1707,8734,-202
1121,2019-04-27,79,8670,1900,90,0,0,,79,1734,8735,-65
1122,2019-04-28,80,7314,1900,90,0,0,,80,1463,8737,-1423
1123,2019-04-29,80,9192,1900,90,19,0,1839.0,80,1839,8738,454
1124,2019-04-30,76,10296,1900,90,236,146,2060.0,76,2060,8740,1556
1125,2019-05-01,69,10494,1900,90,268,178,2099.0,69,2099,8741,1753
1126,2019-05-02,70,9606,1900,90,92,2,1922.0,70,1922,8743,863
1127,2019-05-03,74,11742,1900,90,523,433,2349.0,74,2349,8744,2998
1128,2019-05-04,66,11334,1900,90,433,343,2267.0,66,2267,8746,2588
1129,2019-05-05,75,10044,1900,90,184,94,2009.0,75,2009,8747,1297
1130,2019-05-06,67,10464,1900,90,260,170,2093.0,67,2093,8749,1715
1131,2019-05-07,78,10944,1900,90,367,277,2189.0,78,2189,8750,2194
1132,2019-05-08,80,10368,1900,90,254,164,2074.0,80,2074,8752,1616
1133,2019-05-09,76,9648,1900,90,106,16,1930.0,76,1930,8753,895
1134,2019-05-10,80,10638,1900,90,308,218,2128.0,80,2128,8755,1883
1135,2019-05-11,69,8454,1900,90,0,0,,69,1691,8756,-302
1136,2019-05-12,78,8040,1900,90,0,0,,78,1608,8758,-718
1137,2019-05-13,82,10698,1900,90,322,232,2140.0,82,2140,8759,1939
1138,2019-05-14,81,9480,1900,90,77,0,1896.0,81,1896,8761,719
1139,2019-05-15,81,9528,1900,90,87,0,1906.0,81,1906,8762,766
1140,2019-05-16,81,10866,1900,90,355,265,2174.0,81,2174,8764,2102
1141,2019-05-17,88,8790,1900,90,0,0,,88,1758,8765,25
1142,2019-05-18,72,10524,1900,90,277,187,2105.0,72,2105,8767,1757
1143,2019-05-19,78,8316,1900,90,0,0,,78,1664,8768,-452
1144,2019-05-20,84,9102,1900,90,5,0,1821.0,84,1821,8770,332
1145,2019-05-21,66,8664,1900,90,0,0,,66,1733,8771,-107
1146,2019-05-22,76,9480,1900,90,72,0,1896.0,76,1896,8773,707
1147,2019-05-23,86,8544,1900,90,0,0,,86,1709,8774,-230
1148,2019-05-24,81,8814,1900,90,0,0,,81,1763,8776,38
1149,2019-05-25,76,9846,1900,90,146,56,1970.0,76,1970,8777,1069
1150,2019-05-26,83,9882,1900,90,160,70,1977.0,83,1977,8779,1103
1151,2019-05-27,77,8790,1900,90,0,0,,77,1758,8780,10
