,date,n_sick,calls,month,year,dayofmonth,weekday,weekofyear,dayofyear,season,demand
0,2016-04-01,73,8154,4,2016,1,4,13,92,2,1631.0
1,2016-04-02,64,8526,4,2016,2,5,13,93,2,1706.0
2,2016-04-03,68,8088,4,2016,3,6,13,94,2,
3,2016-04-04,71,7044,4,2016,4,0,14,95,2,
4,2016-04-05,63,7236,4,2016,5,1,14,96,2,
5,2016-04-06,70,6492,4,2016,6,2,14,97,2,
6,2016-04-07,64,6204,4,2016,7,3,14,98,2,
7,2016-04-08,62,7614,4,2016,8,4,14,99,2,
8,2016-04-09,51,5706,4,2016,9,5,14,100,2,
9,2016-04-10,54,6606,4,2016,10,6,14,101,2,
10,2016-04-11,50,6822,4,2016,11,0,15,102,2,
11,2016-04-12,49,6060,4,2016,12,1,15,103,2,
12,2016-04-13,53,5964,4,2016,13,2,15,104,2,
13,2016-04-14,52,5928,4,2016,14,3,15,105,2,
14,2016-04-15,63,7608,4,2016,15,4,15,106,2,
15,2016-04-16,55,6768,4,2016,16,5,15,107,2,
16,2016-04-17,51,7242,4,2016,17,6,15,108,2,
17,2016-04-18,59,6768,4,2016,18,0,16,109,2,
18,2016-04-19,57,8676,4,2016,19,1,16,110,2,1736.0
19,2016-04-20,53,6270,4,2016,20,2,16,111,2,
20,2016-04-21,63,7818,4,2016,21,3,16,112,2,
21,2016-04-22,68,5712,4,2016,22,4,16,113,2,
22,2016-04-23,62,5166,4,2016,23,5,16,114,2,
23,2016-04-24,71,4884,4,2016,24,6,16,115,2,
24,2016-04-25,72,5880,4,2016,25,0,17,116,2,
25,2016-04-26,65,6576,4,2016,26,1,17,117,2,
26,2016-04-27,62,7620,4,2016,27,2,17,118,2,
27,2016-04-28,66,6870,4,2016,28,3,17,119,2,
28,2016-04-29,64,7554,4,2016,29,4,17,120,2,
29,2016-04-30,65,5424,4,2016,30,5,17,121,2,
30,2016-05-01,54,8400,5,2016,1,6,17,122,2,1680.0
31,2016-05-02,63,7782,5,2016,2,0,18,123,2,
32,2016-05-03,61,7716,5,2016,3,1,18,124,2,
33,2016-05-04,58,8340,5,2016,4,2,18,125,2,1668.0
34,2016-05-05,57,8064,5,2016,5,3,18,126,2,
35,2016-05-06,59,7404,5,2016,6,4,18,127,2,
36,2016-05-07,57,8868,5,2016,7,5,18,128,2,1774.0
37,2016-05-08,61,6504,5,2016,8,6,18,129,2,
38,2016-05-09,65,7788,5,2016,9,0,19,130,2,
39,2016-05-10,68,6978,5,2016,10,1,19,131,2,
40,2016-05-11,61,7512,5,2016,11,2,19,132,2,
41,2016-05-12,55,7434,5,2016,12,3,19,133,2,
42,2016-05-13,56,8370,5,2016,13,4,19,134,2,1674.0
43,2016-05-14,50,8136,5,2016,14,5,19,135,2,
44,2016-05-15,57,7674,5,2016,15,6,19,136,2,
45,2016-05-16,52,9048,5,2016,16,0,20,137,2,1810.0
46,2016-05-17,53,8550,5,2016,17,1,20,138,2,1710.0
47,2016-05-18,52,8184,5,2016,18,2,20,139,2,
48,2016-05-19,51,8352,5,2016,19,3,20,140,2,1671.0
49,2016-05-20,57,5790,5,2016,20,4,20,141,2,
50,2016-05-21,56,8382,5,2016,21,5,20,142,2,1677.0
51,2016-05-22,58,6516,5,2016,22,6,20,143,2,
52,2016-05-23,57,7824,5,2016,23,0,21,144,2,
53,2016-05-24,55,6312,5,2016,24,1,21,145,2,
54,2016-05-25,49,8196,5,2016,25,2,21,146,2,
55,2016-05-26,46,8124,5,2016,26,3,21,147,2,
56,2016-05-27,50,6084,5,2016,27,4,21,148,2,
57,2016-05-28,50,6174,5,2016,28,5,21,149,2,
58,2016-05-29,52,6984,5,2016,29,6,21,150,2,
59,2016-05-30,59,8670,5,2016,30,0,22,151,2,1734.0
60,2016-05-31,59,8004,5,2016,31,1,22,152,2,
61,2016-06-01,64,7656,6,2016,1,2,22,153,2,
62,2016-06-02,63,8298,6,2016,2,3,22,154,2,1660.0
63,2016-06-03,69,8922,6,2016,3,4,22,155,2,1785.0
64,2016-06-04,67,9426,6,2016,4,5,22,156,2,1886.0
65,2016-06-05,61,8514,6,2016,5,6,22,157,2,1703.0
66,2016-06-06,62,9426,6,2016,6,0,23,158,2,1886.0
67,2016-06-07,53,9414,6,2016,7,1,23,159,2,1883.0
68,2016-06-08,50,7260,6,2016,8,2,23,160,2,
69,2016-06-09,48,6762,6,2016,9,3,23,161,2,
70,2016-06-10,53,7230,6,2016,10,4,23,162,2,
71,2016-06-11,51,7710,6,2016,11,5,23,163,2,
72,2016-06-12,59,6462,6,2016,12,6,23,164,2,
73,2016-06-13,66,8790,6,2016,13,0,24,165,2,1758.0
74,2016-06-14,58,8160,6,2016,14,1,24,166,2,
75,2016-06-15,53,8538,6,2016,15,2,24,167,2,1708.0
76,2016-06-16,55,8094,6,2016,16,3,24,168,2,
77,2016-06-17,54,6918,6,2016,17,4,24,169,2,
78,2016-06-18,54,6894,6,2016,18,5,24,170,2,
79,2016-06-19,56,6840,6,2016,19,6,24,171,2,
80,2016-06-20,57,8562,6,2016,20,0,25,172,2,1713.0
81,2016-06-21,60,8754,6,2016,21,1,25,173,2,1751.0
82,2016-06-22,61,8058,6,2016,22,2,25,174,2,
83,2016-06-23,60,8316,6,2016,23,3,25,175,2,1664.0
84,2016-06-24,53,5916,6,2016,24,4,25,176,2,
85,2016-06-25,45,7272,6,2016,25,5,25,177,2,
86,2016-06-26,48,7794,6,2016,26,6,25,178,2,
87,2016-06-27,50,8964,6,2016,27,0,26,179,2,1793.0
88,2016-06-28,44,7788,6,2016,28,1,26,180,2,
89,2016-06-29,44,6600,6,2016,29,2,26,181,2,
90,2016-06-30,48,6708,6,2016,30,3,26,182,2,
91,2016-07-01,41,8742,7,2016,1,4,26,183,3,1749.0
92,2016-07-02,40,7116,7,2016,2,5,26,184,3,
93,2016-07-03,46,8376,7,2016,3,6,26,185,3,1676.0
94,2016-07-04,50,8526,7,2016,4,0,27,186,3,1706.0
95,2016-07-05,47,8550,7,2016,5,1,27,187,3,1710.0
96,2016-07-06,51,9702,7,2016,6,2,27,188,3,1941.0
97,2016-07-07,60,8442,7,2016,7,3,27,189,3,1689.0
98,2016-07-08,64,9024,7,2016,8,4,27,190,3,1805.0
99,2016-07-09,69,8532,7,2016,9,5,27,191,3,1707.0
100,2016-07-10,70,7374,7,2016,10,6,27,192,3,
101,2016-07-11,70,9492,7,2016,11,0,28,193,3,1899.0
102,2016-07-12,52,8130,7,2016,12,1,28,194,3,
103,2016-07-13,48,9012,7,2016,13,2,28,195,3,1803.0
104,2016-07-14,48,9228,7,2016,14,3,28,196,3,1846.0
105,2016-07-15,54,7626,7,2016,15,4,28,197,3,
106,2016-07-16,58,6234,7,2016,16,5,28,198,3,
107,2016-07-17,63,5592,7,2016,17,6,28,199,3,
108,2016-07-18,67,7452,7,2016,18,0,29,200,3,
109,2016-07-19,62,6744,7,2016,19,1,29,201,3,
110,2016-07-20,69,6870,7,2016,20,2,29,202,3,
111,2016-07-21,73,6924,7,2016,21,3,29,203,3,
112,2016-07-22,67,8844,7,2016,22,4,29,204,3,1769.0
113,2016-07-23,63,6450,7,2016,23,5,29,205,3,
114,2016-07-24,60,5892,7,2016,24,6,29,206,3,
115,2016-07-25,62,7368,7,2016,25,0,30,207,3,
116,2016-07-26,53,7488,7,2016,26,1,30,208,3,
117,2016-07-27,49,6684,7,2016,27,2,30,209,3,
118,2016-07-28,51,7062,7,2016,28,3,30,210,3,
119,2016-07-29,50,6978,7,2016,29,4,30,211,3,
120,2016-07-30,49,6480,7,2016,30,5,30,212,3,
121,2016-07-31,51,6210,7,2016,31,6,30,213,3,
122,2016-08-01,53,10536,8,2016,1,0,31,214,3,2108.0
123,2016-08-02,51,10392,8,2016,2,1,31,215,3,2079.0
124,2016-08-03,49,9516,8,2016,3,2,31,216,3,1904.0
125,2016-08-04,52,9840,8,2016,4,3,31,217,3,1968.0
126,2016-08-05,49,9258,8,2016,5,4,31,218,3,1852.0
127,2016-08-06,44,9006,8,2016,6,5,31,219,3,1802.0
128,2016-08-07,46,5904,8,2016,7,6,31,220,3,
129,2016-08-08,40,7428,8,2016,8,0,32,221,3,
130,2016-08-09,37,6840,8,2016,9,1,32,222,3,
131,2016-08-10,38,7506,8,2016,10,2,32,223,3,
132,2016-08-11,45,8526,8,2016,11,3,32,224,3,1706.0
133,2016-08-12,43,8256,8,2016,12,4,32,225,3,
134,2016-08-13,38,6762,8,2016,13,5,32,226,3,
135,2016-08-14,38,5778,8,2016,14,6,32,227,3,
136,2016-08-15,42,7404,8,2016,15,0,33,228,3,
137,2016-08-16,44,7134,8,2016,16,1,33,229,3,
138,2016-08-17,47,6540,8,2016,17,2,33,230,3,
139,2016-08-18,46,8670,8,2016,18,3,33,231,3,1734.0
140,2016-08-19,45,8028,8,2016,19,4,33,232,3,
141,2016-08-20,36,6318,8,2016,20,5,33,233,3,
142,2016-08-21,44,8214,8,2016,21,6,33,234,3,
143,2016-08-22,49,6654,8,2016,22,0,34,235,3,
144,2016-08-23,48,8082,8,2016,23,1,34,236,3,
145,2016-08-24,49,8430,8,2016,24,2,34,237,3,1686.0
146,2016-08-25,52,7140,8,2016,25,3,34,238,3,
147,2016-08-26,55,8082,8,2016,26,4,34,239,3,
148,2016-08-27,48,7626,8,2016,27,5,34,240,3,
149,2016-08-28,49,6990,8,2016,28,6,34,241,3,
150,2016-08-29,60,6840,8,2016,29,0,35,242,3,
151,2016-08-30,59,8592,8,2016,30,1,35,243,3,1719.0
152,2016-08-31,54,8886,8,2016,31,2,35,244,3,1778.0
153,2016-09-01,52,9318,9,2016,1,3,35,245,3,1864.0
154,2016-09-02,61,9366,9,2016,2,4,35,246,3,1874.0
155,2016-09-03,55,7380,9,2016,3,5,35,247,3,
156,2016-09-04,69,7536,9,2016,4,6,35,248,3,
157,2016-09-05,73,7548,9,2016,5,0,36,249,3,
158,2016-09-06,67,7560,9,2016,6,1,36,250,3,
159,2016-09-07,64,8568,9,2016,7,2,36,251,3,1714.0
160,2016-09-08,67,8748,9,2016,8,3,36,252,3,1750.0
161,2016-09-09,62,6582,9,2016,9,4,36,253,3,
162,2016-09-10,59,7374,9,2016,10,5,36,254,3,
163,2016-09-11,68,8202,9,2016,11,6,36,255,3,1641.0
164,2016-09-12,72,6564,9,2016,12,0,37,256,3,
165,2016-09-13,65,7230,9,2016,13,1,37,257,3,
166,2016-09-14,68,8514,9,2016,14,2,37,258,3,1703.0
167,2016-09-15,75,8280,9,2016,15,3,37,259,3,1656.0
168,2016-09-16,71,7824,9,2016,16,4,37,260,3,
169,2016-09-17,74,6660,9,2016,17,5,37,261,3,
170,2016-09-18,81,6126,9,2016,18,6,37,262,3,
171,2016-09-19,75,7926,9,2016,19,0,38,263,3,
172,2016-09-20,72,7362,9,2016,20,1,38,264,3,
173,2016-09-21,80,8532,9,2016,21,2,38,265,3,1707.0
174,2016-09-22,77,8286,9,2016,22,3,38,266,3,1658.0
175,2016-09-23,76,5808,9,2016,23,4,38,267,3,
176,2016-09-24,71,7842,9,2016,24,5,38,268,3,
177,2016-09-25,79,5328,9,2016,25,6,38,269,3,
178,2016-09-26,80,8550,9,2016,26,0,39,270,3,1710.0
179,2016-09-27,90,7638,9,2016,27,1,39,271,3,
180,2016-09-28,89,6924,9,2016,28,2,39,272,3,
181,2016-09-29,89,8172,9,2016,29,3,39,273,3,1635.0
182,2016-09-30,91,8520,9,2016,30,4,39,274,3,1704.0
183,2016-10-01,72,6492,10,2016,1,5,39,275,4,
184,2016-10-02,77,7872,10,2016,2,6,39,276,4,
185,2016-10-03,83,8004,10,2016,3,0,40,277,4,
186,2016-10-04,85,7398,10,2016,4,1,40,278,4,
187,2016-10-05,83,8136,10,2016,5,2,40,279,4,1628.0
188,2016-10-06,77,7020,10,2016,6,3,40,280,4,
189,2016-10-07,84,6072,10,2016,7,4,40,281,4,
190,2016-10-08,77,7176,10,2016,8,5,40,282,4,
191,2016-10-09,81,7842,10,2016,9,6,40,283,4,
192,2016-10-10,91,7818,10,2016,10,0,41,284,4,
193,2016-10-11,80,7908,10,2016,11,1,41,285,4,
194,2016-10-12,81,6396,10,2016,12,2,41,286,4,
195,2016-10-13,84,6930,10,2016,13,3,41,287,4,
196,2016-10-14,90,7728,10,2016,14,4,41,288,4,
197,2016-10-15,86,6954,10,2016,15,5,41,289,4,
198,2016-10-16,86,7614,10,2016,16,6,41,290,4,
199,2016-10-17,90,6666,10,2016,17,0,42,291,4,
200,2016-10-18,78,7200,10,2016,18,1,42,292,4,
201,2016-10-19,75,8094,10,2016,19,2,42,293,4,
202,2016-10-20,73,7440,10,2016,20,3,42,294,4,
203,2016-10-21,77,6234,10,2016,21,4,42,295,4,
204,2016-10-22,75,6660,10,2016,22,5,42,296,4,
205,2016-10-23,70,5004,10,2016,23,6,42,297,4,
206,2016-10-24,73,8544,10,2016,24,0,43,298,4,1709.0
207,2016-10-25,59,6204,10,2016,25,1,43,299,4,
208,2016-10-26,57,6108,10,2016,26,2,43,300,4,
209,2016-10-27,60,6366,10,2016,27,3,43,301,4,
210,2016-10-28,61,5430,10,2016,28,4,43,302,4,
211,2016-10-29,50,7980,10,2016,29,5,43,303,4,
212,2016-10-30,59,5730,10,2016,30,6,43,304,4,
213,2016-10-31,71,5874,10,2016,31,0,44,305,4,
214,2016-11-01,65,9600,11,2016,1,1,44,306,4,1920.0
215,2016-11-02,66,6576,11,2016,2,2,44,307,4,
216,2016-11-03,62,8352,11,2016,3,3,44,308,4,1671.0
217,2016-11-04,62,6984,11,2016,4,4,44,309,4,
218,2016-11-05,47,5562,11,2016,5,5,44,310,4,
219,2016-11-06,48,6366,11,2016,6,6,44,311,4,
220,2016-11-07,57,7098,11,2016,7,0,45,312,4,
221,2016-11-08,57,6552,11,2016,8,1,45,313,4,
222,2016-11-09,55,6966,11,2016,9,2,45,314,4,
223,2016-11-10,55,5730,11,2016,10,3,45,315,4,
224,2016-11-11,57,7110,11,2016,11,4,45,316,4,
225,2016-11-12,44,7140,11,2016,12,5,45,317,4,
226,2016-11-13,48,6072,11,2016,13,6,45,318,4,
227,2016-11-14,58,7710,11,2016,14,0,46,319,4,
228,2016-11-15,64,8190,11,2016,15,1,46,320,4,1638.0
229,2016-11-16,61,5598,11,2016,16,2,46,321,4,
230,2016-11-17,62,6684,11,2016,17,3,46,322,4,
231,2016-11-18,64,6276,11,2016,18,4,46,323,4,
232,2016-11-19,59,5820,11,2016,19,5,46,324,4,
233,2016-11-20,72,5160,11,2016,20,6,46,325,4,
234,2016-11-21,70,7998,11,2016,21,0,47,326,4,
235,2016-11-22,67,6852,11,2016,22,1,47,327,4,
236,2016-11-23,73,8256,11,2016,23,2,47,328,4,1652.0
237,2016-11-24,78,7494,11,2016,24,3,47,329,4,
238,2016-11-25,76,7722,11,2016,25,4,47,330,4,
239,2016-11-26,67,6438,11,2016,26,5,47,331,4,
240,2016-11-27,65,5526,11,2016,27,6,47,332,4,
241,2016-11-28,62,6558,11,2016,28,0,48,333,4,
242,2016-11-29,55,6624,11,2016,29,1,48,334,4,
243,2016-11-30,49,6384,11,2016,30,2,48,335,4,
244,2016-12-01,43,6450,12,2016,1,3,48,336,4,
245,2016-12-02,46,8436,12,2016,2,4,48,337,4,1688.0
246,2016-12-03,45,5748,12,2016,3,5,48,338,4,
247,2016-12-04,51,5532,12,2016,4,6,48,339,4,
248,2016-12-05,50,7674,12,2016,5,0,49,340,4,
249,2016-12-06,47,7422,12,2016,6,1,49,341,4,
250,2016-12-07,55,7086,12,2016,7,2,49,342,4,
251,2016-12-08,60,6174,12,2016,8,3,49,343,4,
252,2016-12-09,57,6120,12,2016,9,4,49,344,4,
253,2016-12-10,56,6942,12,2016,10,5,49,345,4,
254,2016-12-11,60,7098,12,2016,11,6,49,346,4,
255,2016-12-12,70,7506,12,2016,12,0,50,347,4,
256,2016-12-13,68,7116,12,2016,13,1,50,348,4,
257,2016-12-14,71,5934,12,2016,14,2,50,349,4,
258,2016-12-15,70,5118,12,2016,15,3,50,350,4,
259,2016-12-16,62,5802,12,2016,16,4,50,351,4,
260,2016-12-17,57,6642,12,2016,17,5,50,352,4,
261,2016-12-18,62,4692,12,2016,18,6,50,353,4,
262,2016-12-19,61,6798,12,2016,19,0,51,354,4,
263,2016-12-20,51,6480,12,2016,20,1,51,355,4,
264,2016-12-21,49,5244,12,2016,21,2,51,356,4,
265,2016-12-22,49,6000,12,2016,22,3,51,357,4,
266,2016-12-23,48,5496,12,2016,23,4,51,358,4,
267,2016-12-24,44,5172,12,2016,24,5,51,359,4,
268,2016-12-25,50,6030,12,2016,25,6,51,360,4,
269,2016-12-26,61,6714,12,2016,26,0,52,361,4,
270,2016-12-27,80,6828,12,2016,27,1,52,362,4,
271,2016-12-28,91,6096,12,2016,28,2,52,363,4,
272,2016-12-29,96,7326,12,2016,29,3,52,364,4,
273,2016-12-30,92,5478,12,2016,30,4,52,365,4,
274,2016-12-31,66,5754,12,2016,31,5,52,366,4,
275,2017-01-01,60,6336,1,2017,1,6,52,1,1,
276,2017-01-02,70,8550,1,2017,2,0,1,2,1,
277,2017-01-03,74,8238,1,2017,3,1,1,3,1,
278,2017-01-04,76,7902,1,2017,4,2,1,4,1,
279,2017-01-05,76,8268,1,2017,5,3,1,5,1,
280,2017-01-06,71,6054,1,2017,6,4,1,6,1,
281,2017-01-07,81,7152,1,2017,7,5,1,7,1,
282,2017-01-08,88,6318,1,2017,8,6,1,8,1,
283,2017-01-09,89,5418,1,2017,9,0,2,9,1,
284,2017-01-10,80,5376,1,2017,10,1,2,10,1,
285,2017-01-11,73,5976,1,2017,11,2,2,11,1,
286,2017-01-12,55,6414,1,2017,12,3,2,12,1,
287,2017-01-13,47,5496,1,2017,13,4,2,13,1,
288,2017-01-14,49,4668,1,2017,14,5,2,14,1,
289,2017-01-15,53,4074,1,2017,15,6,2,15,1,
290,2017-01-16,58,6300,1,2017,16,0,3,16,1,
291,2017-01-17,52,6948,1,2017,17,1,3,17,1,
292,2017-01-18,50,4920,1,2017,18,2,3,18,1,
293,2017-01-19,55,4938,1,2017,19,3,3,19,1,
294,2017-01-20,62,6870,1,2017,20,4,3,20,1,
295,2017-01-21,58,5592,1,2017,21,5,3,21,1,
296,2017-01-22,60,6618,1,2017,22,6,3,22,1,
297,2017-01-23,65,7248,1,2017,23,0,4,23,1,
298,2017-01-24,63,5400,1,2017,24,1,4,24,1,
299,2017-01-25,57,4860,1,2017,25,2,4,25,1,
300,2017-01-26,66,5196,1,2017,26,3,4,26,1,
301,2017-01-27,73,6330,1,2017,27,4,4,27,1,
302,2017-01-28,62,5442,1,2017,28,5,4,28,1,
303,2017-01-29,64,5742,1,2017,29,6,4,29,1,
304,2017-01-30,67,7212,1,2017,30,0,5,30,1,
305,2017-01-31,56,5904,1,2017,31,1,5,31,1,
306,2017-02-01,48,6786,2,2017,1,2,5,32,1,
307,2017-02-02,50,8844,2,2017,2,3,5,33,1,1769.0
308,2017-02-03,54,7494,2,2017,3,4,5,34,1,
309,2017-02-04,44,6666,2,2017,4,5,5,35,1,
310,2017-02-05,48,5898,2,2017,5,6,5,36,1,
311,2017-02-06,58,8844,2,2017,6,0,6,37,1,1769.0
312,2017-02-07,60,6798,2,2017,7,1,6,38,1,
313,2017-02-08,65,8664,2,2017,8,2,6,39,1,
314,2017-02-09,60,6204,2,2017,9,3,6,40,1,
315,2017-02-10,66,7032,2,2017,10,4,6,41,1,
316,2017-02-11,62,7638,2,2017,11,5,6,42,1,
317,2017-02-12,58,7398,2,2017,12,6,6,43,1,
318,2017-02-13,62,5724,2,2017,13,0,7,44,1,
319,2017-02-14,56,6816,2,2017,14,1,7,45,1,
320,2017-02-15,60,5868,2,2017,15,2,7,46,1,
321,2017-02-16,67,7812,2,2017,16,3,7,47,1,
322,2017-02-17,63,7272,2,2017,17,4,7,48,1,
323,2017-02-18,52,7464,2,2017,18,5,7,49,1,
324,2017-02-19,54,5268,2,2017,19,6,7,50,1,
325,2017-02-20,57,5814,2,2017,20,0,8,51,1,
326,2017-02-21,58,5820,2,2017,21,1,8,52,1,
327,2017-02-22,60,7056,2,2017,22,2,8,53,1,
328,2017-02-23,58,8088,2,2017,23,3,8,54,1,
329,2017-02-24,64,6696,2,2017,24,4,8,55,1,
330,2017-02-25,57,5388,2,2017,25,5,8,56,1,
331,2017-02-26,57,5994,2,2017,26,6,8,57,1,
332,2017-02-27,58,6822,2,2017,27,0,9,58,1,
333,2017-02-28,55,7338,2,2017,28,1,9,59,1,
334,2017-03-01,53,10074,3,2017,1,2,9,60,1,2015.0
335,2017-03-02,54,9246,3,2017,2,3,9,61,1,1850.0
336,2017-03-03,50,8616,3,2017,3,4,9,62,1,
337,2017-03-04,47,6636,3,2017,4,5,9,63,1,
338,2017-03-05,58,6288,3,2017,5,6,9,64,1,
339,2017-03-06,61,8670,3,2017,6,0,10,65,1,
340,2017-03-07,56,6948,3,2017,7,1,10,66,1,
341,2017-03-08,52,8700,3,2017,8,2,10,67,1,
342,2017-03-09,55,9030,3,2017,9,3,10,68,1,1806.0
343,2017-03-10,61,8166,3,2017,10,4,10,69,1,
344,2017-03-11,57,7548,3,2017,11,5,10,70,1,
345,2017-03-12,61,6564,3,2017,12,6,10,71,1,
346,2017-03-13,66,6174,3,2017,13,0,11,72,1,
347,2017-03-14,57,7188,3,2017,14,1,11,73,1,
348,2017-03-15,60,7686,3,2017,15,2,11,74,1,
349,2017-03-16,61,6942,3,2017,16,3,11,75,1,
350,2017-03-17,60,5724,3,2017,17,4,11,76,1,
351,2017-03-18,54,7620,3,2017,18,5,11,77,1,
352,2017-03-19,58,6066,3,2017,19,6,11,78,1,
353,2017-03-20,59,6486,3,2017,20,0,12,79,1,
354,2017-03-21,58,8352,3,2017,21,1,12,80,1,
355,2017-03-22,57,8412,3,2017,22,2,12,81,1,
356,2017-03-23,56,7170,3,2017,23,3,12,82,1,
357,2017-03-24,53,6918,3,2017,24,4,12,83,1,
358,2017-03-25,48,6636,3,2017,25,5,12,84,1,
359,2017-03-26,48,6756,3,2017,26,6,12,85,1,
360,2017-03-27,56,8856,3,2017,27,0,13,86,1,1772.0
361,2017-03-28,56,8688,3,2017,28,1,13,87,1,
362,2017-03-29,59,8112,3,2017,29,2,13,88,1,
363,2017-03-30,58,7728,3,2017,30,3,13,89,1,
364,2017-03-31,58,8394,3,2017,31,4,13,90,1,
365,2017-04-01,45,9774,4,2017,1,5,13,91,2,1955.0
366,2017-04-02,45,6630,4,2017,2,6,13,92,2,
367,2017-04-03,49,10170,4,2017,3,0,14,93,2,2034.0
368,2017-04-04,52,9324,4,2017,4,1,14,94,2,1865.0
369,2017-04-05,48,7770,4,2017,5,2,14,95,2,
370,2017-04-06,43,7284,4,2017,6,3,14,96,2,
371,2017-04-07,38,8970,4,2017,7,4,14,97,2,1794.0
372,2017-04-08,44,8844,4,2017,8,5,14,98,2,1769.0
373,2017-04-09,41,6084,4,2017,9,6,14,99,2,
374,2017-04-10,45,9300,4,2017,10,0,15,100,2,1860.0
375,2017-04-11,46,7962,4,2017,11,1,15,101,2,
376,2017-04-12,46,8466,4,2017,12,2,15,102,2,
377,2017-04-13,55,6360,4,2017,13,3,15,103,2,
378,2017-04-14,53,8220,4,2017,14,4,15,104,2,
379,2017-04-15,53,6876,4,2017,15,5,15,105,2,
380,2017-04-16,54,7086,4,2017,16,6,15,106,2,
381,2017-04-17,59,9048,4,2017,17,0,16,107,2,1810.0
382,2017-04-18,60,7932,4,2017,18,1,16,108,2,
383,2017-04-19,67,8574,4,2017,19,2,16,109,2,
384,2017-04-20,72,8016,4,2017,20,3,16,110,2,
385,2017-04-21,69,8400,4,2017,21,4,16,111,2,
386,2017-04-22,61,8478,4,2017,22,5,16,112,2,
387,2017-04-23,71,7194,4,2017,23,6,16,113,2,
388,2017-04-24,68,8184,4,2017,24,0,17,114,2,
389,2017-04-25,69,8352,4,2017,25,1,17,115,2,
390,2017-04-26,61,8874,4,2017,26,2,17,116,2,1775.0
391,2017-04-27,61,7368,4,2017,27,3,17,117,2,
392,2017-04-28,63,7230,4,2017,28,4,17,118,2,
393,2017-04-29,59,6468,4,2017,29,5,17,119,2,
394,2017-04-30,62,6984,4,2017,30,6,17,120,2,
395,2017-05-01,64,10218,5,2017,1,0,18,121,2,2044.0
396,2017-05-02,69,8376,5,2017,2,1,18,122,2,
397,2017-05-03,65,10050,5,2017,3,2,18,123,2,2010.0
398,2017-05-04,64,9582,5,2017,4,3,18,124,2,1917.0
399,2017-05-05,63,7140,5,2017,5,4,18,125,2,
400,2017-05-06,54,9270,5,2017,6,5,18,126,2,1854.0
401,2017-05-07,61,6966,5,2017,7,6,18,127,2,
402,2017-05-08,59,8616,5,2017,8,0,19,128,2,
403,2017-05-09,54,9444,5,2017,9,1,19,129,2,1889.0
404,2017-05-10,55,9066,5,2017,10,2,19,130,2,1814.0
405,2017-05-11,55,8862,5,2017,11,3,19,131,2,1773.0
406,2017-05-12,55,9420,5,2017,12,4,19,132,2,1884.0
407,2017-05-13,54,7914,5,2017,13,5,19,133,2,
408,2017-05-14,65,8592,5,2017,14,6,19,134,2,
409,2017-05-15,77,8256,5,2017,15,0,20,135,2,
410,2017-05-16,70,8178,5,2017,16,1,20,136,2,
411,2017-05-17,70,6876,5,2017,17,2,20,137,2,
412,2017-05-18,62,7242,5,2017,18,3,20,138,2,
413,2017-05-19,55,7746,5,2017,19,4,20,139,2,
414,2017-05-20,45,6534,5,2017,20,5,20,140,2,
415,2017-05-21,48,6066,5,2017,21,6,20,141,2,
416,2017-05-22,61,8766,5,2017,22,0,21,142,2,1754.0
417,2017-05-23,54,9606,5,2017,23,1,21,143,2,1922.0
418,2017-05-24,51,8142,5,2017,24,2,21,144,2,
419,2017-05-25,52,6750,5,2017,25,3,21,145,2,
420,2017-05-26,58,7062,5,2017,26,4,21,146,2,
421,2017-05-27,51,7290,5,2017,27,5,21,147,2,
422,2017-05-28,58,8538,5,2017,28,6,21,148,2,
423,2017-05-29,57,8112,5,2017,29,0,22,149,2,
424,2017-05-30,55,7098,5,2017,30,1,22,150,2,
425,2017-05-31,52,9294,5,2017,31,2,22,151,2,1859.0
426,2017-06-01,54,10830,6,2017,1,3,22,152,2,2166.0
427,2017-06-02,57,9840,6,2017,2,4,22,153,2,1968.0
428,2017-06-03,56,7296,6,2017,3,5,22,154,2,
429,2017-06-04,48,8136,6,2017,4,6,22,155,2,
430,2017-06-05,56,9876,6,2017,5,0,23,156,2,1976.0
431,2017-06-06,61,8268,6,2017,6,1,23,157,2,
432,2017-06-07,58,9630,6,2017,7,2,23,158,2,1926.0
433,2017-06-08,54,9186,6,2017,8,3,23,159,2,1838.0
434,2017-06-09,56,6924,6,2017,9,4,23,160,2,
435,2017-06-10,54,9312,6,2017,10,5,23,161,2,1863.0
436,2017-06-11,54,7812,6,2017,11,6,23,162,2,
437,2017-06-12,56,9174,6,2017,12,0,24,163,2,1835.0
438,2017-06-13,56,9852,6,2017,13,1,24,164,2,1971.0
439,2017-06-14,55,8376,6,2017,14,2,24,165,2,
440,2017-06-15,45,7452,6,2017,15,3,24,166,2,
441,2017-06-16,50,7728,6,2017,16,4,24,167,2,
442,2017-06-17,52,7596,6,2017,17,5,24,168,2,
443,2017-06-18,64,6540,6,2017,18,6,24,169,2,
444,2017-06-19,63,8370,6,2017,19,0,25,170,2,
445,2017-06-20,59,8490,6,2017,20,1,25,171,2,
446,2017-06-21,60,8892,6,2017,21,2,25,172,2,1779.0
447,2017-06-22,53,8598,6,2017,22,3,25,173,2,
448,2017-06-23,55,6942,6,2017,23,4,25,174,2,
449,2017-06-24,57,7662,6,2017,24,5,25,175,2,
450,2017-06-25,63,6054,6,2017,25,6,25,176,2,
451,2017-06-26,64,7620,6,2017,26,0,26,177,2,
452,2017-06-27,53,7764,6,2017,27,1,26,178,2,
453,2017-06-28,54,8040,6,2017,28,2,26,179,2,
454,2017-06-29,57,8160,6,2017,29,3,26,180,2,
455,2017-06-30,59,9060,6,2017,30,4,26,181,2,1812.0
456,2017-07-01,51,8352,7,2017,1,5,26,182,3,
457,2017-07-02,50,7860,7,2017,2,6,26,183,3,
458,2017-07-03,60,8802,7,2017,3,0,27,184,3,1761.0
459,2017-07-04,48,9228,7,2017,4,1,27,185,3,1846.0
460,2017-07-05,49,10398,7,2017,5,2,27,186,3,2080.0
461,2017-07-06,46,7578,7,2017,6,3,27,187,3,
462,2017-07-07,44,7314,7,2017,7,4,27,188,3,
463,2017-07-08,43,7398,7,2017,8,5,27,189,3,
464,2017-07-09,46,7878,7,2017,9,6,27,190,3,
465,2017-07-10,49,7200,7,2017,10,0,28,191,3,
466,2017-07-11,47,7872,7,2017,11,1,28,192,3,
467,2017-07-12,49,7524,7,2017,12,2,28,193,3,
468,2017-07-13,53,6960,7,2017,13,3,28,194,3,
469,2017-07-14,59,9354,7,2017,14,4,28,195,3,1871.0
470,2017-07-15,62,8808,7,2017,15,5,28,196,3,1762.0
471,2017-07-16,71,8982,7,2017,16,6,28,197,3,1797.0
472,2017-07-17,69,9336,7,2017,17,0,29,198,3,1868.0
473,2017-07-18,66,9624,7,2017,18,1,29,199,3,1925.0
474,2017-07-19,59,9534,7,2017,19,2,29,200,3,1907.0
475,2017-07-20,56,7152,7,2017,20,3,29,201,3,
476,2017-07-21,54,8052,7,2017,21,4,29,202,3,
477,2017-07-22,51,8190,7,2017,22,5,29,203,3,
478,2017-07-23,55,7686,7,2017,23,6,29,204,3,
479,2017-07-24,62,7530,7,2017,24,0,30,205,3,
480,2017-07-25,59,8400,7,2017,25,1,30,206,3,
481,2017-07-26,61,7956,7,2017,26,2,30,207,3,
482,2017-07-27,55,8400,7,2017,27,3,30,208,3,
483,2017-07-28,56,7104,7,2017,28,4,30,209,3,
484,2017-07-29,52,8724,7,2017,29,5,30,210,3,
485,2017-07-30,52,6324,7,2017,30,6,30,211,3,
486,2017-07-31,73,7818,7,2017,31,0,31,212,3,
487,2017-08-01,63,10476,8,2017,1,1,31,213,3,2096.0
488,2017-08-02,63,10068,8,2017,2,2,31,214,3,2014.0
489,2017-08-03,68,9372,8,2017,3,3,31,215,3,1875.0
490,2017-08-04,66,7506,8,2017,4,4,31,216,3,
491,2017-08-05,64,9672,8,2017,5,5,31,217,3,1935.0
492,2017-08-06,70,6654,8,2017,6,6,31,218,3,
493,2017-08-07,68,9174,8,2017,7,0,32,219,3,1835.0
494,2017-08-08,63,9186,8,2017,8,1,32,220,3,1838.0
495,2017-08-09,57,8712,8,2017,9,2,32,221,3,
496,2017-08-10,57,8016,8,2017,10,3,32,222,3,
497,2017-08-11,66,9426,8,2017,11,4,32,223,3,1886.0
498,2017-08-12,62,7548,8,2017,12,5,32,224,3,
499,2017-08-13,66,6408,8,2017,13,6,32,225,3,
500,2017-08-14,65,9360,8,2017,14,0,33,226,3,1872.0
501,2017-08-15,69,8844,8,2017,15,1,33,227,3,1769.0
502,2017-08-16,66,9114,8,2017,16,2,33,228,3,1823.0
503,2017-08-17,59,9006,8,2017,17,3,33,229,3,1802.0
504,2017-08-18,61,8796,8,2017,18,4,33,230,3,1760.0
505,2017-08-19,52,8748,8,2017,19,5,33,231,3,1750.0
506,2017-08-20,61,8406,8,2017,20,6,33,232,3,
507,2017-08-21,66,8316,8,2017,21,0,34,233,3,
508,2017-08-22,76,8556,8,2017,22,1,34,234,3,
509,2017-08-23,74,7602,8,2017,23,2,34,235,3,
510,2017-08-24,72,9156,8,2017,24,3,34,236,3,1832.0
511,2017-08-25,75,7092,8,2017,25,4,34,237,3,
512,2017-08-26,72,8880,8,2017,26,5,34,238,3,1776.0
513,2017-08-27,68,7386,8,2017,27,6,34,239,3,
514,2017-08-28,73,7566,8,2017,28,0,35,240,3,
515,2017-08-29,66,9546,8,2017,29,1,35,241,3,1910.0
516,2017-08-30,62,6924,8,2017,30,2,35,242,3,
517,2017-08-31,69,7710,8,2017,31,3,35,243,3,
518,2017-09-01,78,9210,9,2017,1,4,35,244,3,1842.0
519,2017-09-02,67,8922,9,2017,2,5,35,245,3,1785.0
520,2017-09-03,66,9228,9,2017,3,6,35,246,3,1846.0
521,2017-09-04,75,8178,9,2017,4,0,36,247,3,
522,2017-09-05,76,8280,9,2017,5,1,36,248,3,
523,2017-09-06,83,8010,9,2017,6,2,36,249,3,
524,2017-09-07,93,7338,9,2017,7,3,36,250,3,
525,2017-09-08,89,6978,9,2017,8,4,36,251,3,
526,2017-09-09,89,7584,9,2017,9,5,36,252,3,
527,2017-09-10,88,8586,9,2017,10,6,36,253,3,1718.0
528,2017-09-11,90,8070,9,2017,11,0,37,254,3,
529,2017-09-12,78,8076,9,2017,12,1,37,255,3,
530,2017-09-13,88,9654,9,2017,13,2,37,256,3,1931.0
531,2017-09-14,82,6666,9,2017,14,3,37,257,3,
532,2017-09-15,88,8604,9,2017,15,4,37,258,3,1721.0
533,2017-09-16,74,8964,9,2017,16,5,37,259,3,1793.0
534,2017-09-17,79,6168,9,2017,17,6,37,260,3,
535,2017-09-18,78,8946,9,2017,18,0,38,261,3,1790.0
536,2017-09-19,86,7224,9,2017,19,1,38,262,3,
537,2017-09-20,92,8064,9,2017,20,2,38,263,3,
538,2017-09-21,101,8514,9,2017,21,3,38,264,3,1703.0
539,2017-09-22,106,7794,9,2017,22,4,38,265,3,
540,2017-09-23,93,8922,9,2017,23,5,38,266,3,1785.0
541,2017-09-24,94,6768,9,2017,24,6,38,267,3,
542,2017-09-25,93,7116,9,2017,25,0,39,268,3,
543,2017-09-26,80,8670,9,2017,26,1,39,269,3,1734.0
544,2017-09-27,76,7836,9,2017,27,2,39,270,3,
545,2017-09-28,73,6690,9,2017,28,3,39,271,3,
546,2017-09-29,83,8808,9,2017,29,4,39,272,3,1762.0
547,2017-09-30,77,8304,9,2017,30,5,39,273,3,
548,2017-10-01,81,9414,10,2017,1,6,39,274,4,1883.0
549,2017-10-02,82,8484,10,2017,2,0,40,275,4,
550,2017-10-03,88,8664,10,2017,3,1,40,276,4,1733.0
551,2017-10-04,96,8820,10,2017,4,2,40,277,4,1764.0
552,2017-10-05,86,9852,10,2017,5,3,40,278,4,1971.0
553,2017-10-06,89,8232,10,2017,6,4,40,279,4,
554,2017-10-07,81,6426,10,2017,7,5,40,280,4,
555,2017-10-08,91,7014,10,2017,8,6,40,281,4,
556,2017-10-09,95,9564,10,2017,9,0,41,282,4,1913.0
557,2017-10-10,91,8670,10,2017,10,1,41,283,4,1734.0
558,2017-10-11,88,7854,10,2017,11,2,41,284,4,
559,2017-10-12,92,7050,10,2017,12,3,41,285,4,
560,2017-10-13,88,6468,10,2017,13,4,41,286,4,
561,2017-10-14,75,6972,10,2017,14,5,41,287,4,
562,2017-10-15,88,7908,10,2017,15,6,41,288,4,
563,2017-10-16,96,9054,10,2017,16,0,42,289,4,1811.0
564,2017-10-17,94,7728,10,2017,17,1,42,290,4,
565,2017-10-18,93,7518,10,2017,18,2,42,291,4,
566,2017-10-19,93,8472,10,2017,19,3,42,292,4,
567,2017-10-20,97,7434,10,2017,20,4,42,293,4,
568,2017-10-21,96,6966,10,2017,21,5,42,294,4,
569,2017-10-22,95,7062,10,2017,22,6,42,295,4,
570,2017-10-23,89,7596,10,2017,23,0,43,296,4,
571,2017-10-24,81,8346,10,2017,24,1,43,297,4,
572,2017-10-25,78,7608,10,2017,25,2,43,298,4,
573,2017-10-26,77,7854,10,2017,26,3,43,299,4,
574,2017-10-27,73,8502,10,2017,27,4,43,300,4,
575,2017-10-28,64,6462,10,2017,28,5,43,301,4,
576,2017-10-29,119,7764,10,2017,29,6,43,302,4,
577,2017-10-30,64,9258,10,2017,30,0,44,303,4,1852.0
578,2017-10-31,64,7200,10,2017,31,1,44,304,4,
579,2017-11-01,57,9930,11,2017,1,2,44,305,4,1986.0
580,2017-11-02,60,8766,11,2017,2,3,44,306,4,1754.0
581,2017-11-03,62,9468,11,2017,3,4,44,307,4,1894.0
582,2017-11-04,49,7650,11,2017,4,5,44,308,4,
583,2017-11-05,61,7086,11,2017,5,6,44,309,4,
584,2017-11-06,64,7494,11,2017,6,0,45,310,4,
585,2017-11-07,64,7638,11,2017,7,1,45,311,4,
586,2017-11-08,58,7128,11,2017,8,2,45,312,4,
587,2017-11-09,73,6360,11,2017,9,3,45,313,4,
588,2017-11-10,68,6930,11,2017,10,4,45,314,4,
589,2017-11-11,64,7170,11,2017,11,5,45,315,4,
590,2017-11-12,61,6360,11,2017,12,6,45,316,4,
591,2017-11-13,61,8610,11,2017,13,0,46,317,4,
592,2017-11-14,63,8322,11,2017,14,1,46,318,4,
593,2017-11-15,68,7206,11,2017,15,2,46,319,4,
594,2017-11-16,65,7182,11,2017,16,3,46,320,4,
595,2017-11-17,73,6870,11,2017,17,4,46,321,4,
596,2017-11-18,65,6294,11,2017,18,5,46,322,4,
597,2017-11-19,67,5724,11,2017,19,6,46,323,4,
598,2017-11-20,70,6126,11,2017,20,0,47,324,4,
599,2017-11-21,70,7740,11,2017,21,1,47,325,4,
600,2017-11-22,62,7674,11,2017,22,2,47,326,4,
601,2017-11-23,59,6048,11,2017,23,3,47,327,4,
602,2017-11-24,60,6402,11,2017,24,4,47,328,4,
603,2017-11-25,52,6444,11,2017,25,5,47,329,4,
604,2017-11-26,62,5532,11,2017,26,6,47,330,4,
605,2017-11-27,72,6042,11,2017,27,0,48,331,4,
606,2017-11-28,70,7632,11,2017,28,1,48,332,4,
607,2017-11-29,67,6150,11,2017,29,2,48,333,4,
608,2017-11-30,67,7620,11,2017,30,3,48,334,4,
609,2017-12-01,69,8082,12,2017,1,4,48,335,4,
610,2017-12-02,62,6030,12,2017,2,5,48,336,4,
611,2017-12-03,66,6312,12,2017,3,6,48,337,4,
612,2017-12-04,76,7158,12,2017,4,0,49,338,4,
613,2017-12-05,71,8406,12,2017,5,1,49,339,4,
614,2017-12-06,66,7644,12,2017,6,2,49,340,4,
615,2017-12-07,69,6954,12,2017,7,3,49,341,4,
616,2017-12-08,59,6714,12,2017,8,4,49,342,4,
617,2017-12-09,57,7338,12,2017,9,5,49,343,4,
618,2017-12-10,66,6390,12,2017,10,6,49,344,4,
619,2017-12-11,68,6162,12,2017,11,0,50,345,4,
620,2017-12-12,67,7602,12,2017,12,1,50,346,4,
621,2017-12-13,69,6450,12,2017,13,2,50,347,4,
622,2017-12-14,79,6480,12,2017,14,3,50,348,4,
623,2017-12-15,83,5556,12,2017,15,4,50,349,4,
624,2017-12-16,74,7620,12,2017,16,5,50,350,4,
625,2017-12-17,75,5364,12,2017,17,6,50,351,4,
626,2017-12-18,83,6096,12,2017,18,0,51,352,4,
627,2017-12-19,82,5988,12,2017,19,1,51,353,4,
628,2017-12-20,78,6714,12,2017,20,2,51,354,4,
629,2017-12-21,83,7800,12,2017,21,3,51,355,4,
630,2017-12-22,81,7062,12,2017,22,4,51,356,4,
631,2017-12-23,65,7152,12,2017,23,5,51,357,4,
632,2017-12-24,57,4854,12,2017,24,6,51,358,4,
633,2017-12-25,60,7692,12,2017,25,0,52,359,4,
634,2017-12-26,62,5814,12,2017,26,1,52,360,4,
635,2017-12-27,76,6558,12,2017,27,2,52,361,4,
636,2017-12-28,81,6978,12,2017,28,3,52,362,4,
637,2017-12-29,75,7494,12,2017,29,4,52,363,4,
638,2017-12-30,71,6432,12,2017,30,5,52,364,4,
639,2017-12-31,71,4908,12,2017,31,6,52,365,4,
640,2018-01-01,64,9006,1,2018,1,0,1,1,1,
641,2018-01-02,75,7224,1,2018,2,1,1,2,1,
642,2018-01-03,74,6480,1,2018,3,2,1,3,1,
643,2018-01-04,80,6756,1,2018,4,3,1,4,1,
644,2018-01-05,80,8436,1,2018,5,4,1,5,1,
645,2018-01-06,76,7506,1,2018,6,5,1,6,1,
646,2018-01-07,81,7476,1,2018,7,6,1,7,1,
647,2018-01-08,90,8412,1,2018,8,0,2,8,1,
648,2018-01-09,83,8202,1,2018,9,1,2,9,1,
649,2018-01-10,82,8460,1,2018,10,2,2,10,1,
650,2018-01-11,80,6834,1,2018,11,3,2,11,1,
651,2018-01-12,82,7374,1,2018,12,4,2,12,1,
652,2018-01-13,73,6642,1,2018,13,5,2,13,1,
653,2018-01-14,84,6756,1,2018,14,6,2,14,1,
654,2018-01-15,90,6804,1,2018,15,0,3,15,1,
655,2018-01-16,90,8040,1,2018,16,1,3,16,1,
656,2018-01-17,83,5742,1,2018,17,2,3,17,1,
657,2018-01-18,86,8034,1,2018,18,3,3,18,1,
658,2018-01-19,93,8088,1,2018,19,4,3,19,1,
659,2018-01-20,78,5808,1,2018,20,5,3,20,1,
660,2018-01-21,85,6864,1,2018,21,6,3,21,1,
661,2018-01-22,75,5514,1,2018,22,0,4,22,1,
662,2018-01-23,66,5838,1,2018,23,1,4,23,1,
663,2018-01-24,69,6486,1,2018,24,2,4,24,1,
664,2018-01-25,68,5334,1,2018,25,3,4,25,1,
665,2018-01-26,65,6618,1,2018,26,4,4,26,1,
666,2018-01-27,65,6864,1,2018,27,5,4,27,1,
667,2018-01-28,73,6390,1,2018,28,6,4,28,1,
668,2018-01-29,80,7416,1,2018,29,0,5,29,1,
669,2018-01-30,81,5484,1,2018,30,1,5,30,1,
670,2018-01-31,84,6438,1,2018,31,2,5,31,1,
671,2018-02-01,70,8400,2,2018,1,3,5,32,1,
672,2018-02-02,77,7938,2,2018,2,4,5,33,1,
673,2018-02-03,63,8616,2,2018,3,5,5,34,1,
674,2018-02-04,71,7686,2,2018,4,6,5,35,1,
675,2018-02-05,70,7548,2,2018,5,0,6,36,1,
676,2018-02-06,69,7416,2,2018,6,1,6,37,1,
677,2018-02-07,69,6960,2,2018,7,2,6,38,1,
678,2018-02-08,73,7962,2,2018,8,3,6,39,1,
679,2018-02-09,66,8310,2,2018,9,4,6,40,1,
680,2018-02-10,56,8010,2,2018,10,5,6,41,1,
681,2018-02-11,66,6606,2,2018,11,6,6,42,1,
682,2018-02-12,75,6576,2,2018,12,0,7,43,1,
683,2018-02-13,58,7410,2,2018,13,1,7,44,1,
684,2018-02-14,64,7038,2,2018,14,2,7,45,1,
685,2018-02-15,60,7176,2,2018,15,3,7,46,1,
686,2018-02-16,75,5868,2,2018,16,4,7,47,1,
687,2018-02-17,64,7788,2,2018,17,5,7,48,1,
688,2018-02-18,65,7284,2,2018,18,6,7,49,1,
689,2018-02-19,67,8076,2,2018,19,0,8,50,1,
690,2018-02-20,67,6678,2,2018,20,1,8,51,1,
691,2018-02-21,75,8784,2,2018,21,2,8,52,1,
692,2018-02-22,68,5958,2,2018,22,3,8,53,1,
693,2018-02-23,71,8634,2,2018,23,4,8,54,1,
694,2018-02-24,71,5868,2,2018,24,5,8,55,1,
695,2018-02-25,79,5634,2,2018,25,6,8,56,1,
696,2018-02-26,79,6066,2,2018,26,0,9,57,1,
697,2018-02-27,80,8544,2,2018,27,1,9,58,1,
698,2018-02-28,85,8880,2,2018,28,2,9,59,1,
699,2018-03-01,78,10152,3,2018,1,3,9,60,1,2031.0
700,2018-03-02,80,8802,3,2018,2,4,9,61,1,
701,2018-03-03,72,7980,3,2018,3,5,9,62,1,
702,2018-03-04,74,7752,3,2018,4,6,9,63,1,
703,2018-03-05,78,9588,3,2018,5,0,10,64,1,1918.0
704,2018-03-06,69,8406,3,2018,6,1,10,65,1,
705,2018-03-07,76,9462,3,2018,7,2,10,66,1,1893.0
706,2018-03-08,80,7368,3,2018,8,3,10,67,1,
707,2018-03-09,87,7782,3,2018,9,4,10,68,1,
708,2018-03-10,76,8196,3,2018,10,5,10,69,1,
709,2018-03-11,68,7704,3,2018,11,6,10,70,1,
710,2018-03-12,68,9072,3,2018,12,0,11,71,1,
711,2018-03-13,68,9480,3,2018,13,1,11,72,1,1896.0
712,2018-03-14,78,7134,3,2018,14,2,11,73,1,
713,2018-03-15,84,9306,3,2018,15,3,11,74,1,1862.0
714,2018-03-16,82,7602,3,2018,16,4,11,75,1,
715,2018-03-17,72,7932,3,2018,17,5,11,76,1,
716,2018-03-18,74,7920,3,2018,18,6,11,77,1,
717,2018-03-19,76,8646,3,2018,19,0,12,78,1,
718,2018-03-20,88,6708,3,2018,20,1,12,79,1,
719,2018-03-21,94,8166,3,2018,21,2,12,80,1,
720,2018-03-22,88,7116,3,2018,22,3,12,81,1,
721,2018-03-23,100,7290,3,2018,23,4,12,82,1,
722,2018-03-24,84,6612,3,2018,24,5,12,83,1,
723,2018-03-25,83,7248,3,2018,25,6,12,84,1,
724,2018-03-26,74,7680,3,2018,26,0,13,85,1,
725,2018-03-27,70,7470,3,2018,27,1,13,86,1,
726,2018-03-28,69,6876,3,2018,28,2,13,87,1,
727,2018-03-29,81,8190,3,2018,29,3,13,88,1,
728,2018-03-30,89,8526,3,2018,30,4,13,89,1,
729,2018-03-31,72,8010,3,2018,31,5,13,90,1,
730,2018-04-01,64,9522,4,2018,1,6,13,91,2,1905.0
731,2018-04-02,58,9642,4,2018,2,0,14,92,2,1929.0
732,2018-04-03,65,9048,4,2018,3,1,14,93,2,
733,2018-04-04,62,10566,4,2018,4,2,14,94,2,2114.0
734,2018-04-05,65,7932,4,2018,5,3,14,95,2,
735,2018-04-06,67,9654,4,2018,6,4,14,96,2,1931.0
736,2018-04-07,68,8202,4,2018,7,5,14,97,2,
737,2018-04-08,70,8268,4,2018,8,6,14,98,2,
738,2018-04-09,74,9438,4,2018,9,0,15,99,2,1888.0
739,2018-04-10,66,8580,4,2018,10,1,15,100,2,
740,2018-04-11,70,7686,4,2018,11,2,15,101,2,
741,2018-04-12,73,10080,4,2018,12,3,15,102,2,2016.0
742,2018-04-13,72,8454,4,2018,13,4,15,103,2,
743,2018-04-14,64,8490,4,2018,14,5,15,104,2,
744,2018-04-15,65,7782,4,2018,15,6,15,105,2,
745,2018-04-16,60,8160,4,2018,16,0,16,106,2,
746,2018-04-17,56,10068,4,2018,17,1,16,107,2,2014.0
747,2018-04-18,64,8352,4,2018,18,2,16,108,2,
748,2018-04-19,64,7080,4,2018,19,3,16,109,2,
749,2018-04-20,61,9534,4,2018,20,4,16,110,2,1907.0
750,2018-04-21,57,9288,4,2018,21,5,16,111,2,1858.0
751,2018-04-22,58,8760,4,2018,22,6,16,112,2,
752,2018-04-23,57,8136,4,2018,23,0,17,113,2,
753,2018-04-24,52,8412,4,2018,24,1,17,114,2,
754,2018-04-25,55,9174,4,2018,25,2,17,115,2,
755,2018-04-26,58,9522,4,2018,26,3,17,116,2,1905.0
756,2018-04-27,55,8220,4,2018,27,4,17,117,2,
757,2018-04-28,54,8178,4,2018,28,5,17,118,2,
758,2018-04-29,55,8412,4,2018,29,6,17,119,2,
759,2018-04-30,60,9504,4,2018,30,0,18,120,2,1901.0
760,2018-05-01,65,9714,5,2018,1,1,18,121,2,1943.0
761,2018-05-02,74,8880,5,2018,2,2,18,122,2,
762,2018-05-03,78,8652,5,2018,3,3,18,123,2,
763,2018-05-04,76,9078,5,2018,4,4,18,124,2,
764,2018-05-05,71,9642,5,2018,5,5,18,125,2,1929.0
765,2018-05-06,72,9882,5,2018,6,6,18,126,2,1977.0
766,2018-05-07,70,10320,5,2018,7,0,19,127,2,2064.0
767,2018-05-08,55,9078,5,2018,8,1,19,128,2,
768,2018-05-09,53,8358,5,2018,9,2,19,129,2,
769,2018-05-10,53,8562,5,2018,10,3,19,130,2,
770,2018-05-11,55,8268,5,2018,11,4,19,131,2,
771,2018-05-12,49,9432,5,2018,12,5,19,132,2,1887.0
772,2018-05-13,56,8190,5,2018,13,6,19,133,2,
773,2018-05-14,63,8244,5,2018,14,0,20,134,2,
774,2018-05-15,63,7992,5,2018,15,1,20,135,2,
775,2018-05-16,60,9480,5,2018,16,2,20,136,2,1896.0
776,2018-05-17,66,7518,5,2018,17,3,20,137,2,
777,2018-05-18,68,9942,5,2018,18,4,20,138,2,1989.0
778,2018-05-19,73,6822,5,2018,19,5,20,139,2,
779,2018-05-20,78,8460,5,2018,20,6,20,140,2,
780,2018-05-21,78,9654,5,2018,21,0,21,141,2,1931.0
781,2018-05-22,83,8442,5,2018,22,1,21,142,2,
782,2018-05-23,80,7422,5,2018,23,2,21,143,2,
783,2018-05-24,90,8814,5,2018,24,3,21,144,2,
784,2018-05-25,102,7572,5,2018,25,4,21,145,2,
785,2018-05-26,89,8136,5,2018,26,5,21,146,2,
786,2018-05-27,88,7428,5,2018,27,6,21,147,2,
787,2018-05-28,80,8862,5,2018,28,0,22,148,2,
788,2018-05-29,70,8226,5,2018,29,1,22,149,2,
789,2018-05-30,68,8064,5,2018,30,2,22,150,2,
790,2018-05-31,67,7392,5,2018,31,3,22,151,2,
791,2018-06-01,66,10752,6,2018,1,4,22,152,2,2151.0
792,2018-06-02,60,8766,6,2018,2,5,22,153,2,
793,2018-06-03,71,9834,6,2018,3,6,22,154,2,1967.0
794,2018-06-04,80,11370,6,2018,4,0,23,155,2,2274.0
795,2018-06-05,71,10020,6,2018,5,1,23,156,2,2004.0
796,2018-06-06,77,9180,6,2018,6,2,23,157,2,1836.0
797,2018-06-07,77,8718,6,2018,7,3,23,158,2,
798,2018-06-08,78,8208,6,2018,8,4,23,159,2,
799,2018-06-09,79,9318,6,2018,9,5,23,160,2,1864.0
800,2018-06-10,90,7068,6,2018,10,6,23,161,2,
801,2018-06-11,78,9012,6,2018,11,0,24,162,2,
802,2018-06-12,72,10380,6,2018,12,1,24,163,2,2076.0
803,2018-06-13,80,10638,6,2018,13,2,24,164,2,2128.0
804,2018-06-14,78,8826,6,2018,14,3,24,165,2,
805,2018-06-15,85,8994,6,2018,15,4,24,166,2,
806,2018-06-16,82,8196,6,2018,16,5,24,167,2,
807,2018-06-17,89,7488,6,2018,17,6,24,168,2,
808,2018-06-18,86,8382,6,2018,18,0,25,169,2,
809,2018-06-19,85,10452,6,2018,19,1,25,170,2,2091.0
810,2018-06-20,90,9060,6,2018,20,2,25,171,2,1812.0
811,2018-06-21,90,7902,6,2018,21,3,25,172,2,
812,2018-06-22,91,7356,6,2018,22,4,25,173,2,
813,2018-06-23,86,9600,6,2018,23,5,25,174,2,1920.0
814,2018-06-24,86,8148,6,2018,24,6,25,175,2,
815,2018-06-25,100,10122,6,2018,25,0,26,176,2,2025.0
816,2018-06-26,85,9948,6,2018,26,1,26,177,2,1990.0
817,2018-06-27,86,8070,6,2018,27,2,26,178,2,
818,2018-06-28,82,9588,6,2018,28,3,26,179,2,1918.0
819,2018-06-29,89,9510,6,2018,29,4,26,180,2,1902.0
820,2018-06-30,90,7692,6,2018,30,5,26,181,2,
821,2018-07-01,81,9240,7,2018,1,6,26,182,3,1848.0
822,2018-07-02,80,10416,7,2018,2,0,27,183,3,2084.0
823,2018-07-03,70,8694,7,2018,3,1,27,184,3,
824,2018-07-04,60,8844,7,2018,4,2,27,185,3,
825,2018-07-05,63,8544,7,2018,5,3,27,186,3,
826,2018-07-06,71,9462,7,2018,6,4,27,187,3,1893.0
827,2018-07-07,72,9420,7,2018,7,5,27,188,3,1884.0
828,2018-07-08,78,8418,7,2018,8,6,27,189,3,
829,2018-07-09,83,9336,7,2018,9,0,28,190,3,1868.0
830,2018-07-10,78,9768,7,2018,10,1,28,191,3,1954.0
831,2018-07-11,84,9348,7,2018,11,2,28,192,3,1870.0
832,2018-07-12,80,10572,7,2018,12,3,28,193,3,2115.0
833,2018-07-13,66,9300,7,2018,13,4,28,194,3,1860.0
834,2018-07-14,66,10050,7,2018,14,5,28,195,3,2010.0
835,2018-07-15,73,8742,7,2018,15,6,28,196,3,
836,2018-07-16,70,9960,7,2018,16,0,29,197,3,1992.0
837,2018-07-17,62,9210,7,2018,17,1,29,198,3,1842.0
838,2018-07-18,65,9354,7,2018,18,2,29,199,3,1871.0
839,2018-07-19,75,9378,7,2018,19,3,29,200,3,1876.0
840,2018-07-20,72,7740,7,2018,20,4,29,201,3,
841,2018-07-21,65,8550,7,2018,21,5,29,202,3,
842,2018-07-22,62,6978,7,2018,22,6,29,203,3,
843,2018-07-23,69,8148,7,2018,23,0,30,204,3,
844,2018-07-24,69,9396,7,2018,24,1,30,205,3,1880.0
845,2018-07-25,69,8586,7,2018,25,2,30,206,3,
846,2018-07-26,78,8322,7,2018,26,3,30,207,3,
847,2018-07-27,82,7872,7,2018,27,4,30,208,3,
848,2018-07-28,77,7110,7,2018,28,5,30,209,3,
849,2018-07-29,91,8376,7,2018,29,6,30,210,3,
850,2018-07-30,92,8442,7,2018,30,0,31,211,3,
851,2018-07-31,87,8394,7,2018,31,1,31,212,3,
852,2018-08-01,75,9114,8,2018,1,2,31,213,3,
853,2018-08-02,79,9024,8,2018,2,3,31,214,3,
854,2018-08-03,77,9780,8,2018,3,4,31,215,3,1956.0
855,2018-08-04,64,8946,8,2018,4,5,31,216,3,
856,2018-08-05,61,9054,8,2018,5,6,31,217,3,
857,2018-08-06,68,8322,8,2018,6,0,32,218,3,
858,2018-08-07,69,9108,8,2018,7,1,32,219,3,
859,2018-08-08,74,8676,8,2018,8,2,32,220,3,
860,2018-08-09,75,7926,8,2018,9,3,32,221,3,
861,2018-08-10,74,8406,8,2018,10,4,32,222,3,
862,2018-08-11,59,7692,8,2018,11,5,32,223,3,
863,2018-08-12,63,8070,8,2018,12,6,32,224,3,
864,2018-08-13,64,8016,8,2018,13,0,33,225,3,
865,2018-08-14,58,10146,8,2018,14,1,33,226,3,2030.0
866,2018-08-15,53,8304,8,2018,15,2,33,227,3,
867,2018-08-16,56,9648,8,2018,16,3,33,228,3,1930.0
868,2018-08-17,62,7842,8,2018,17,4,33,229,3,
869,2018-08-18,66,7470,8,2018,18,5,33,230,3,
870,2018-08-19,75,9228,8,2018,19,6,33,231,3,1846.0
871,2018-08-20,79,8304,8,2018,20,0,34,232,3,
872,2018-08-21,71,9996,8,2018,21,1,34,233,3,2000.0
873,2018-08-22,79,9354,8,2018,22,2,34,234,3,1871.0
874,2018-08-23,83,9786,8,2018,23,3,34,235,3,1958.0
875,2018-08-24,89,9072,8,2018,24,4,34,236,3,1815.0
876,2018-08-25,82,9558,8,2018,25,5,34,237,3,1912.0
877,2018-08-26,95,8712,8,2018,26,6,34,238,3,
878,2018-08-27,90,9138,8,2018,27,0,35,239,3,1828.0
879,2018-08-28,92,8652,8,2018,28,1,35,240,3,
880,2018-08-29,80,8064,8,2018,29,2,35,241,3,
881,2018-08-30,77,8244,8,2018,30,3,35,242,3,
882,2018-08-31,87,9780,8,2018,31,4,35,243,3,1956.0
883,2018-09-01,84,10644,9,2018,1,5,35,244,3,2129.0
884,2018-09-02,83,10002,9,2018,2,6,35,245,3,2001.0
885,2018-09-03,85,10656,9,2018,3,0,36,246,3,2132.0
886,2018-09-04,80,9270,9,2018,4,1,36,247,3,1854.0
887,2018-09-05,82,10752,9,2018,5,2,36,248,3,2151.0
888,2018-09-06,88,9966,9,2018,6,3,36,249,3,1994.0
889,2018-09-07,91,9336,9,2018,7,4,36,250,3,1868.0
890,2018-09-08,85,8970,9,2018,8,5,36,251,3,
891,2018-09-09,94,8622,9,2018,9,6,36,252,3,
892,2018-09-10,102,7896,9,2018,10,0,37,253,3,
893,2018-09-11,90,9504,9,2018,11,1,37,254,3,1901.0
894,2018-09-12,91,9606,9,2018,12,2,37,255,3,1922.0
895,2018-09-13,97,8010,9,2018,13,3,37,256,3,
896,2018-09-14,100,7662,9,2018,14,4,37,257,3,
897,2018-09-15,97,7746,9,2018,15,5,37,258,3,
898,2018-09-16,93,9120,9,2018,16,6,37,259,3,1824.0
899,2018-09-17,90,7680,9,2018,17,0,38,260,3,
900,2018-09-18,89,8892,9,2018,18,1,38,261,3,
901,2018-09-19,107,8040,9,2018,19,2,38,262,3,
902,2018-09-20,116,8784,9,2018,20,3,38,263,3,
903,2018-09-21,116,9108,9,2018,21,4,38,264,3,1822.0
904,2018-09-22,102,9438,9,2018,22,5,38,265,3,1888.0
905,2018-09-23,104,6420,9,2018,23,6,38,266,3,
906,2018-09-24,104,8700,9,2018,24,0,39,267,3,
907,2018-09-25,106,9228,9,2018,25,1,39,268,3,1846.0
908,2018-09-26,104,8364,9,2018,26,2,39,269,3,
909,2018-09-27,106,7800,9,2018,27,3,39,270,3,
910,2018-09-28,114,7278,9,2018,28,4,39,271,3,
911,2018-09-29,100,7224,9,2018,29,5,39,272,3,
912,2018-09-30,102,7734,9,2018,30,6,39,273,3,
913,2018-10-01,100,9456,10,2018,1,0,40,274,4,1892.0
914,2018-10-02,89,9036,10,2018,2,1,40,275,4,
915,2018-10-03,94,8592,10,2018,3,2,40,276,4,
916,2018-10-04,93,10188,10,2018,4,3,40,277,4,2038.0
917,2018-10-05,92,8964,10,2018,5,4,40,278,4,
918,2018-10-06,77,7764,10,2018,6,5,40,279,4,
919,2018-10-07,85,7518,10,2018,7,6,40,280,4,
920,2018-10-08,93,9990,10,2018,8,0,41,281,4,1998.0
921,2018-10-09,97,9870,10,2018,9,1,41,282,4,1974.0
922,2018-10-10,97,7896,10,2018,10,2,41,283,4,
923,2018-10-11,103,7302,10,2018,11,3,41,284,4,
924,2018-10-12,106,7506,10,2018,12,4,41,285,4,
925,2018-10-13,93,9318,10,2018,13,5,41,286,4,1864.0
926,2018-10-14,99,8124,10,2018,14,6,41,287,4,
927,2018-10-15,102,7194,10,2018,15,0,42,288,4,
928,2018-10-16,97,9300,10,2018,16,1,42,289,4,1860.0
929,2018-10-17,97,9834,10,2018,17,2,42,290,4,1967.0
930,2018-10-18,100,8874,10,2018,18,3,42,291,4,
931,2018-10-19,109,6852,10,2018,19,4,42,292,4,
932,2018-10-20,98,6816,10,2018,20,5,42,293,4,
933,2018-10-21,103,8832,10,2018,21,6,42,294,4,
934,2018-10-22,102,7968,10,2018,22,0,43,295,4,
935,2018-10-23,98,9468,10,2018,23,1,43,296,4,1894.0
936,2018-10-24,90,7074,10,2018,24,2,43,297,4,
937,2018-10-25,78,7512,10,2018,25,3,43,298,4,
938,2018-10-26,81,7092,10,2018,26,4,43,299,4,
939,2018-10-27,79,8766,10,2018,27,5,43,300,4,
940,2018-10-28,87,7710,10,2018,28,6,43,301,4,
941,2018-10-29,93,7662,10,2018,29,0,44,302,4,
942,2018-10-30,82,7164,10,2018,30,1,44,303,4,
943,2018-10-31,85,8502,10,2018,31,2,44,304,4,
944,2018-11-01,77,9174,11,2018,1,3,44,305,4,1835.0
945,2018-11-02,75,10140,11,2018,2,4,44,306,4,2028.0
946,2018-11-03,70,7806,11,2018,3,5,44,307,4,
947,2018-11-04,72,9168,11,2018,4,6,44,308,4,1834.0
948,2018-11-05,75,7752,11,2018,5,0,45,309,4,
949,2018-11-06,62,9132,11,2018,6,1,45,310,4,
950,2018-11-07,57,7638,11,2018,7,2,45,311,4,
951,2018-11-08,58,7188,11,2018,8,3,45,312,4,
952,2018-11-09,66,7722,11,2018,9,4,45,313,4,
953,2018-11-10,60,9150,11,2018,10,5,45,314,4,
954,2018-11-11,67,8880,11,2018,11,6,45,315,4,
955,2018-11-12,75,7614,11,2018,12,0,46,316,4,
956,2018-11-13,63,8322,11,2018,13,1,46,317,4,
957,2018-11-14,61,7614,11,2018,14,2,46,318,4,
958,2018-11-15,66,7146,11,2018,15,3,46,319,4,
959,2018-11-16,78,6558,11,2018,16,4,46,320,4,
960,2018-11-17,71,6882,11,2018,17,5,46,321,4,
961,2018-11-18,74,8610,11,2018,18,6,46,322,4,
962,2018-11-19,88,9120,11,2018,19,0,47,323,4,1824.0
963,2018-11-20,79,7200,11,2018,20,1,47,324,4,
964,2018-11-21,72,8034,11,2018,21,2,47,325,4,
965,2018-11-22,72,9060,11,2018,22,3,47,326,4,
966,2018-11-23,73,6690,11,2018,23,4,47,327,4,
967,2018-11-24,63,7812,11,2018,24,5,47,328,4,
968,2018-11-25,74,7740,11,2018,25,6,47,329,4,
969,2018-11-26,72,8046,11,2018,26,0,48,330,4,
970,2018-11-27,81,6810,11,2018,27,1,48,331,4,
971,2018-11-28,78,8598,11,2018,28,2,48,332,4,
972,2018-11-29,78,7716,11,2018,29,3,48,333,4,
973,2018-11-30,91,7518,11,2018,30,4,48,334,4,
974,2018-12-01,72,9678,12,2018,1,5,48,335,4,1936.0
975,2018-12-02,79,7812,12,2018,2,6,48,336,4,
976,2018-12-03,88,9486,12,2018,3,0,49,337,4,1898.0
977,2018-12-04,90,7896,12,2018,4,1,49,338,4,
978,2018-12-05,85,8076,12,2018,5,2,49,339,4,
979,2018-12-06,81,8220,12,2018,6,3,49,340,4,
980,2018-12-07,84,8268,12,2018,7,4,49,341,4,
981,2018-12-08,73,8292,12,2018,8,5,49,342,4,
982,2018-12-09,74,6024,12,2018,9,6,49,343,4,
983,2018-12-10,87,8616,12,2018,10,0,50,344,4,
984,2018-12-11,88,6942,12,2018,11,1,50,345,4,
985,2018-12-12,95,6516,12,2018,12,2,50,346,4,
986,2018-12-13,101,8010,12,2018,13,3,50,347,4,
987,2018-12-14,85,6552,12,2018,14,4,50,348,4,
988,2018-12-15,72,6102,12,2018,15,5,50,349,4,
989,2018-12-16,83,5850,12,2018,16,6,50,350,4,
990,2018-12-17,94,8532,12,2018,17,0,51,351,4,
991,2018-12-18,94,8238,12,2018,18,1,51,352,4,
992,2018-12-19,100,8982,12,2018,19,2,51,353,4,
993,2018-12-20,95,7620,12,2018,20,3,51,354,4,
994,2018-12-21,106,5844,12,2018,21,4,51,355,4,
995,2018-12-22,85,5904,12,2018,22,5,51,356,4,
996,2018-12-23,76,6684,12,2018,23,6,51,357,4,
997,2018-12-24,59,7392,12,2018,24,0,52,358,4,
998,2018-12-25,58,7008,12,2018,25,1,52,359,4,
999,2018-12-26,63,6744,12,2018,26,2,52,360,4,
1000,2018-12-27,74,8316,12,2018,27,3,52,361,4,
1001,2018-12-28,78,8652,12,2018,28,4,52,362,4,
1002,2018-12-29,76,6006,12,2018,29,5,52,363,4,
1003,2018-12-30,78,6120,12,2018,30,6,52,364,4,
1004,2018-12-31,75,6318,12,2018,31,0,1,365,4,
1005,2019-01-01,57,8382,1,2019,1,1,1,1,1,
1006,2019-01-02,82,9672,1,2019,2,2,1,2,1,1935.0
1007,2019-01-03,83,7404,1,2019,3,3,1,3,1,
1008,2019-01-04,83,9240,1,2019,4,4,1,4,1,1848.0
1009,2019-01-05,73,7746,1,2019,5,5,1,5,1,
1010,2019-01-06,75,7266,1,2019,6,6,1,6,1,
1011,2019-01-07,78,6798,1,2019,7,0,2,7,1,
1012,2019-01-08,79,8952,1,2019,8,1,2,8,1,
1013,2019-01-09,81,8934,1,2019,9,2,2,9,1,
1014,2019-01-10,74,8454,1,2019,10,3,2,10,1,
1015,2019-01-11,85,8544,1,2019,11,4,2,11,1,
1016,2019-01-12,71,7824,1,2019,12,5,2,12,1,
1017,2019-01-13,71,7002,1,2019,13,6,2,13,1,
1018,2019-01-14,75,8118,1,2019,14,0,3,14,1,
1019,2019-01-15,71,7152,1,2019,15,1,3,15,1,
1020,2019-01-16,72,9240,1,2019,16,2,3,16,1,1848.0
1021,2019-01-17,75,7332,1,2019,17,3,3,17,1,
1022,2019-01-18,71,7254,1,2019,18,4,3,18,1,
1023,2019-01-19,58,8166,1,2019,19,5,3,19,1,
1024,2019-01-20,70,7440,1,2019,20,6,3,20,1,
1025,2019-01-21,72,8430,1,2019,21,0,4,21,1,
1026,2019-01-22,72,8196,1,2019,22,1,4,22,1,
1027,2019-01-23,72,8850,1,2019,23,2,4,23,1,
1028,2019-01-24,73,6258,1,2019,24,3,4,24,1,
1029,2019-01-25,71,7284,1,2019,25,4,4,25,1,
1030,2019-01-26,69,5760,1,2019,26,5,4,26,1,
1031,2019-01-27,70,7512,1,2019,27,6,4,27,1,
1032,2019-01-28,80,8994,1,2019,28,0,5,28,1,
1033,2019-01-29,74,8532,1,2019,29,1,5,29,1,
1034,2019-01-30,76,6354,1,2019,30,2,5,30,1,
1035,2019-01-31,85,6276,1,2019,31,3,5,31,1,
1036,2019-02-01,75,8292,2,2019,1,4,5,32,1,
1037,2019-02-02,56,7512,2,2019,2,5,5,33,1,
1038,2019-02-03,51,9012,2,2019,3,6,5,34,1,
1039,2019-02-04,58,10710,2,2019,4,0,6,35,1,2142.0
1040,2019-02-05,49,9204,2,2019,5,1,6,36,1,
1041,2019-02-06,57,8994,2,2019,6,2,6,37,1,
1042,2019-02-07,61,9984,2,2019,7,3,6,38,1,1997.0
1043,2019-02-08,54,8226,2,2019,8,4,6,39,1,
1044,2019-02-09,49,6924,2,2019,9,5,6,40,1,
1045,2019-02-10,51,7566,2,2019,10,6,6,41,1,
1046,2019-02-11,55,7656,2,2019,11,0,7,42,1,
1047,2019-02-12,57,8508,2,2019,12,1,7,43,1,
1048,2019-02-13,62,7302,2,2019,13,2,7,44,1,
1049,2019-02-14,55,7086,2,2019,14,3,7,45,1,
1050,2019-02-15,64,7002,2,2019,15,4,7,46,1,
1051,2019-02-16,68,9036,2,2019,16,5,7,47,1,
1052,2019-02-17,80,6126,2,2019,17,6,7,48,1,
1053,2019-02-18,81,7764,2,2019,18,0,8,49,1,
1054,2019-02-19,81,7638,2,2019,19,1,8,50,1,
1055,2019-02-20,80,6972,2,2019,20,2,8,51,1,
1056,2019-02-21,82,9480,2,2019,21,3,8,52,1,1896.0
1057,2019-02-22,85,9318,2,2019,22,4,8,53,1,1864.0
1058,2019-02-23,69,9042,2,2019,23,5,8,54,1,
1059,2019-02-24,71,6384,2,2019,24,6,8,55,1,
1060,2019-02-25,72,9324,2,2019,25,0,9,56,1,1865.0
1061,2019-02-26,68,8568,2,2019,26,1,9,57,1,
1062,2019-02-27,67,9522,2,2019,27,2,9,58,1,1905.0
1063,2019-02-28,57,6762,2,2019,28,3,9,59,1,
1064,2019-03-01,60,10608,3,2019,1,4,9,60,1,2122.0
1065,2019-03-02,60,10620,3,2019,2,5,9,61,1,2124.0
1066,2019-03-03,65,10026,3,2019,3,6,9,62,1,2006.0
1067,2019-03-04,67,9906,3,2019,4,0,10,63,1,1982.0
1068,2019-03-05,62,9312,3,2019,5,1,10,64,1,1863.0
1069,2019-03-06,66,8112,3,2019,6,2,10,65,1,
1070,2019-03-07,59,9684,3,2019,7,3,10,66,1,1937.0
1071,2019-03-08,56,9018,3,2019,8,4,10,67,1,
1072,2019-03-09,51,8826,3,2019,9,5,10,68,1,
1073,2019-03-10,55,7254,3,2019,10,6,10,69,1,
1074,2019-03-11,58,8394,3,2019,11,0,11,70,1,
1075,2019-03-12,62,9348,3,2019,12,1,11,71,1,1870.0
1076,2019-03-13,70,10536,3,2019,13,2,11,72,1,2108.0
1077,2019-03-14,74,9120,3,2019,14,3,11,73,1,
1078,2019-03-15,66,7944,3,2019,15,4,11,74,1,
1079,2019-03-16,55,9906,3,2019,16,5,11,75,1,1982.0
1080,2019-03-17,66,8616,3,2019,17,6,11,76,1,
1081,2019-03-18,69,7608,3,2019,18,0,12,77,1,
1082,2019-03-19,74,9768,3,2019,19,1,12,78,1,1954.0
1083,2019-03-20,75,10080,3,2019,20,2,12,79,1,2016.0
1084,2019-03-21,77,9660,3,2019,21,3,12,80,1,1932.0
1085,2019-03-22,71,8742,3,2019,22,4,12,81,1,
1086,2019-03-23,68,7386,3,2019,23,5,12,82,1,
1087,2019-03-24,75,9294,3,2019,24,6,12,83,1,1859.0
1088,2019-03-25,83,8724,3,2019,25,0,13,84,1,
1089,2019-03-26,78,10008,3,2019,26,1,13,85,1,2002.0
1090,2019-03-27,85,7446,3,2019,27,2,13,86,1,
1091,2019-03-28,88,9996,3,2019,28,3,13,87,1,2000.0
1092,2019-03-29,91,8076,3,2019,29,4,13,88,1,
1093,2019-03-30,83,7356,3,2019,30,5,13,89,1,
1094,2019-03-31,90,7134,3,2019,31,6,13,90,1,
1095,2019-04-01,85,11850,4,2019,1,0,14,91,2,2370.0
1096,2019-04-02,81,10920,4,2019,2,1,14,92,2,2184.0
1097,2019-04-03,79,11328,4,2019,3,2,14,93,2,2266.0
1098,2019-04-04,75,10260,4,2019,4,3,14,94,2,2052.0
1099,2019-04-05,67,9444,4,2019,5,4,14,95,2,1889.0
1100,2019-04-06,57,9900,4,2019,6,5,14,96,2,1980.0
1101,2019-04-07,67,8034,4,2019,7,6,14,97,2,
1102,2019-04-08,80,9786,4,2019,8,0,15,98,2,1958.0
1103,2019-04-09,70,10050,4,2019,9,1,15,99,2,2010.0
1104,2019-04-10,68,10638,4,2019,10,2,15,100,2,2128.0
1105,2019-04-11,68,9036,4,2019,11,3,15,101,2,
1106,2019-04-12,71,8256,4,2019,12,4,15,102,2,
1107,2019-04-13,65,9264,4,2019,13,5,15,103,2,1853.0
1108,2019-04-14,70,7188,4,2019,14,6,15,104,2,
1109,2019-04-15,71,10746,4,2019,15,0,16,105,2,2150.0
1110,2019-04-16,71,8286,4,2019,16,1,16,106,2,
1111,2019-04-17,73,9072,4,2019,17,2,16,107,2,
1112,2019-04-18,81,9522,4,2019,18,3,16,108,2,1905.0
1113,2019-04-19,81,9312,4,2019,19,4,16,109,2,1863.0
1114,2019-04-20,77,10008,4,2019,20,5,16,110,2,2002.0
1115,2019-04-21,78,9588,4,2019,21,6,16,111,2,1918.0
1116,2019-04-22,81,8058,4,2019,22,0,17,112,2,
1117,2019-04-23,89,10218,4,2019,23,1,17,113,2,2044.0
1118,2019-04-24,91,10692,4,2019,24,2,17,114,2,2139.0
1119,2019-04-25,82,8862,4,2019,25,3,17,115,2,
1120,2019-04-26,80,8532,4,2019,26,4,17,116,2,
1121,2019-04-27,79,8670,4,2019,27,5,17,117,2,
1122,2019-04-28,80,7314,4,2019,28,6,17,118,2,
1123,2019-04-29,80,9192,4,2019,29,0,18,119,2,1839.0
1124,2019-04-30,76,10296,4,2019,30,1,18,120,2,2060.0
1125,2019-05-01,69,10494,5,2019,1,2,18,121,2,2099.0
1126,2019-05-02,70,9606,5,2019,2,3,18,122,2,1922.0
1127,2019-05-03,74,11742,5,2019,3,4,18,123,2,2349.0
1128,2019-05-04,66,11334,5,2019,4,5,18,124,2,2267.0
1129,2019-05-05,75,10044,5,2019,5,6,18,125,2,2009.0
1130,2019-05-06,67,10464,5,2019,6,0,19,126,2,2093.0
1131,2019-05-07,78,10944,5,2019,7,1,19,127,2,2189.0
1132,2019-05-08,80,10368,5,2019,8,2,19,128,2,2074.0
1133,2019-05-09,76,9648,5,2019,9,3,19,129,2,1930.0
1134,2019-05-10,80,10638,5,2019,10,4,19,130,2,2128.0
1135,2019-05-11,69,8454,5,2019,11,5,19,131,2,
1136,2019-05-12,78,8040,5,2019,12,6,19,132,2,
1137,2019-05-13,82,10698,5,2019,13,0,20,133,2,2140.0
1138,2019-05-14,81,9480,5,2019,14,1,20,134,2,1896.0
1139,2019-05-15,81,9528,5,2019,15,2,20,135,2,1906.0
1140,2019-05-16,81,10866,5,2019,16,3,20,136,2,2174.0
1141,2019-05-17,88,8790,5,2019,17,4,20,137,2,
1142,2019-05-18,72,10524,5,2019,18,5,20,138,2,2105.0
1143,2019-05-19,78,8316,5,2019,19,6,20,139,2,
1144,2019-05-20,84,9102,5,2019,20,0,21,140,2,1821.0
1145,2019-05-21,66,8664,5,2019,21,1,21,141,2,
1146,2019-05-22,76,9480,5,2019,22,2,21,142,2,1896.0
1147,2019-05-23,86,8544,5,2019,23,3,21,143,2,
1148,2019-05-24,81,8814,5,2019,24,4,21,144,2,
1149,2019-05-25,76,9846,5,2019,25,5,21,145,2,1970.0
1150,2019-05-26,83,9882,5,2019,26,6,21,146,2,1977.0
1151,2019-05-27,77,8790,5,2019,27,0,22,147,2,
