dafted,dayofyear,demand,month,n_duty,n_sby,n_sick,quartal,sby_need,season,weekofyear,DAY(date),DAY(predict_day),MONTH(date),MONTH(predict_day),WEEKDAY(date),WEEKDAY(predict_day),YEAR(date),YEAR(predict_day)
0,92,1631,4,1700,90,73,2,4,2,13,1,15,4,3,4,1,2016,2016
0,93,1706,4,1700,90,64,2,70,2,13,2,15,4,3,5,1,2016,2016
0,94,1632,4,1700,90,68,2,0,2,13,3,15,4,3,6,1,2016,2016
0,96,1637,4,1700,90,63,2,0,2,14,5,15,4,3,1,1,2016,2016
0,97,1630,4,1700,90,70,2,0,2,14,6,15,4,3,2,1,2016,2016
0,98,1636,4,1700,90,64,2,0,2,14,7,15,4,3,3,1,2016,2016
0,99,1638,4,1700,90,62,2,0,2,14,8,15,4,3,4,1,2016,2016
0,100,1649,4,1700,90,51,2,0,2,14,9,15,4,3,5,1,2016,2016
0,101,1646,4,1700,90,54,2,0,2,14,10,15,4,3,6,1,2016,2016
0,103,1651,4,1700,90,49,2,0,2,15,12,15,4,3,1,1,2016,2016
0,104,1647,4,1700,90,53,2,0,2,15,13,15,4,3,2,1,2016,2016
0,105,1648,4,1700,90,52,2,0,2,15,14,15,4,3,3,1,2016,2016
0,106,1637,4,1700,90,63,2,0,2,15,15,15,4,3,4,1,2016,2016
0,107,1645,4,1700,90,55,2,0,2,15,16,15,4,3,5,1,2016,2016
0,108,1649,4,1700,90,51,2,0,2,15,17,15,4,3,6,1,2016,2016
0,109,1641,4,1700,90,59,2,0,2,16,18,15,4,3,0,1,2016,2016
3,110,1736,4,1700,90,57,2,93,2,16,19,15,4,3,1,1,2016,2016
0,111,1647,4,1700,90,53,2,0,2,16,20,15,4,3,2,1,2016,2016
0,112,1637,4,1700,90,63,2,0,2,16,21,15,4,3,3,1,2016,2016
0,113,1632,4,1700,90,68,2,0,2,16,22,15,4,3,4,1,2016,2016
0,114,1638,4,1700,90,62,2,0,2,16,23,15,4,3,5,1,2016,2016
0,116,1628,4,1700,90,72,2,0,2,17,25,15,4,3,0,1,2016,2016
0,117,1635,4,1700,90,65,2,0,2,17,26,15,4,3,1,1,2016,2016
0,118,1638,4,1700,90,62,2,0,2,17,27,15,4,3,2,1,2016,2016
0,119,1634,4,1700,90,66,2,0,2,17,28,15,4,3,3,1,2016,2016
0,120,1636,4,1700,90,64,2,0,2,17,29,15,4,3,4,1,2016,2016
0,121,1635,4,1700,90,65,2,0,2,17,30,15,4,3,5,1,2016,2016
0,124,1639,5,1700,90,61,2,0,2,18,3,15,5,4,1,4,2016,2016
0,125,1668,5,1700,90,58,2,26,2,18,4,15,5,4,2,4,2016,2016
0,126,1643,5,1700,90,57,2,0,2,18,5,15,5,4,3,4,2016,2016
0,127,1641,5,1700,90,59,2,0,2,18,6,15,5,4,4,4,2016,2016
41,128,1774,5,1700,90,57,2,131,2,18,7,15,5,4,5,4,2016,2016
0,129,1639,5,1700,90,61,2,0,2,18,8,15,5,4,6,4,2016,2016
0,130,1635,5,1700,90,65,2,0,2,19,9,15,5,4,0,4,2016,2016
0,132,1639,5,1700,90,61,2,0,2,19,11,15,5,4,2,4,2016,2016
0,133,1645,5,1700,90,55,2,0,2,19,12,15,5,4,3,4,2016,2016
0,134,1674,5,1700,90,56,2,30,2,19,13,15,5,4,4,4,2016,2016
0,135,1650,5,1700,90,50,2,0,2,19,14,15,5,4,5,4,2016,2016
72,137,1810,5,1700,90,52,2,162,2,20,16,15,5,4,0,4,2016,2016
0,138,1710,5,1700,90,53,2,63,2,20,17,15,5,4,1,4,2016,2016
0,139,1648,5,1700,90,52,2,0,2,20,18,15,5,4,2,4,2016,2016
0,140,1671,5,1700,90,51,2,22,2,20,19,15,5,4,3,4,2016,2016
0,142,1677,5,1700,90,56,2,33,2,20,21,15,5,4,5,4,2016,2016
0,144,1643,5,1700,90,57,2,0,2,21,23,15,5,4,0,4,2016,2016
0,145,1645,5,1700,90,55,2,0,2,21,24,15,5,4,1,4,2016,2016
0,147,1654,5,1700,90,46,2,0,2,21,26,15,5,4,3,4,2016,2016
0,149,1650,5,1700,90,50,2,0,2,21,28,15,5,4,5,4,2016,2016
0,152,1641,5,1700,90,59,2,0,2,22,31,15,5,4,1,4,2016,2016
0,153,1636,6,1700,90,64,2,0,2,22,1,15,6,5,2,6,2016,2016
0,154,1660,6,1700,90,63,2,23,2,22,2,15,6,5,3,6,2016,2016
163,156,1886,6,1700,90,67,2,253,2,22,4,15,6,5,5,6,2016,2016
0,157,1703,6,1700,90,61,2,64,2,22,5,15,6,5,6,6,2016,2016
158,158,1886,6,1700,90,62,2,248,2,23,6,15,6,5,0,6,2016,2016
146,159,1883,6,1700,90,53,2,236,2,23,7,15,6,5,1,6,2016,2016
0,160,1650,6,1700,90,50,2,0,2,23,8,15,6,5,2,6,2016,2016
0,161,1652,6,1700,90,48,2,0,2,23,9,15,6,5,3,6,2016,2016
0,163,1649,6,1700,90,51,2,0,2,23,11,15,6,5,5,6,2016,2016
0,164,1641,6,1700,90,59,2,0,2,23,12,15,6,5,6,6,2016,2016
34,165,1758,6,1700,90,66,2,124,2,24,13,15,6,5,0,6,2016,2016
0,166,1642,6,1700,90,58,2,0,2,24,14,15,6,5,1,6,2016,2016
0,167,1708,6,1700,90,53,2,61,2,24,15,15,6,5,2,6,2016,2016
0,169,1646,6,1700,90,54,2,0,2,24,17,15,6,5,4,6,2016,2016
0,171,1644,6,1700,90,56,2,0,2,24,19,15,6,5,6,6,2016,2016
0,172,1713,6,1700,90,57,2,70,2,25,20,15,6,5,0,6,2016,2016
21,173,1751,6,1700,90,60,2,111,2,25,21,15,6,5,1,6,2016,2016
0,174,1639,6,1700,90,61,2,0,2,25,22,15,6,5,2,6,2016,2016
0,176,1647,6,1700,90,53,2,0,2,25,24,15,6,5,4,6,2016,2016
0,177,1655,6,1700,90,45,2,0,2,25,25,15,6,5,5,6,2016,2016
53,179,1793,6,1700,90,50,2,143,2,26,27,15,6,5,0,6,2016,2016
0,181,1656,6,1700,90,44,2,0,2,26,29,15,6,5,2,6,2016,2016
0,182,1652,6,1700,90,48,2,0,2,26,30,15,6,5,3,6,2016,2016
0,183,1749,7,1700,90,41,3,90,3,26,1,15,7,6,4,2,2016,2016
0,184,1660,7,1700,90,40,3,0,3,26,2,15,7,6,5,2,2016,2016
0,185,1676,7,1700,90,46,3,22,3,26,3,15,7,6,6,2,2016,2016
0,186,1706,7,1700,90,50,3,56,3,27,4,15,7,6,0,2,2016,2016
0,187,1710,7,1700,90,47,3,57,3,27,5,15,7,6,1,2,2016,2016
0,189,1689,7,1700,90,60,3,49,3,27,7,15,7,6,3,2,2016,2016
79,190,1805,7,1700,90,64,3,169,3,27,8,15,7,6,4,2,2016,2016
0,191,1707,7,1700,90,69,3,76,3,27,9,15,7,6,5,2,2016,2016
0,192,1630,7,1700,90,70,3,0,3,27,10,15,7,6,6,2,2016,2016
0,194,1648,7,1700,90,52,3,0,3,28,12,15,7,6,1,2,2016,2016
61,195,1803,7,1700,90,48,3,151,3,28,13,15,7,6,2,2,2016,2016
104,196,1846,7,1700,90,48,3,194,3,28,14,15,7,6,3,2,2016,2016
0,197,1646,7,1700,90,54,3,0,3,28,15,15,7,6,4,2,2016,2016
0,198,1642,7,1700,90,58,3,0,3,28,16,15,7,6,5,2,2016,2016
0,200,1633,7,1700,90,67,3,0,3,29,18,15,7,6,0,2,2016,2016
0,202,1631,7,1700,90,69,3,0,3,29,20,15,7,6,2,2,2016,2016
0,203,1627,7,1700,90,73,3,0,3,29,21,15,7,6,3,2,2016,2016
46,204,1769,7,1700,90,67,3,136,3,29,22,15,7,6,4,2,2016,2016
0,206,1640,7,1700,90,60,3,0,3,29,24,15,7,6,6,2,2016,2016
0,207,1638,7,1700,90,62,3,0,3,30,25,15,7,6,0,2,2016,2016
0,208,1647,7,1700,90,53,3,0,3,30,26,15,7,6,1,2,2016,2016
0,209,1651,7,1700,90,49,3,0,3,30,27,15,7,6,2,2,2016,2016
0,210,1649,7,1700,90,51,3,0,3,30,28,15,7,6,3,2,2016,2016
0,211,1650,7,1700,90,50,3,0,3,30,29,15,7,6,4,2,2016,2016
0,212,1651,7,1700,90,49,3,0,3,30,30,15,7,6,5,2,2016,2016
0,213,1649,7,1700,90,51,3,0,3,30,31,15,7,6,6,2,2016,2016
371,214,2108,8,1700,90,53,3,461,3,31,1,15,8,7,0,4,2016,2016
340,215,2079,8,1700,90,51,3,430,3,31,2,15,8,7,1,4,2016,2016
163,216,1904,8,1700,90,49,3,253,3,31,3,15,8,7,2,4,2016,2016
230,217,1968,8,1700,90,52,3,320,3,31,4,15,8,7,3,4,2016,2016
111,218,1852,8,1700,90,49,3,201,3,31,5,15,8,7,4,4,2016,2016
56,219,1802,8,1700,90,44,3,146,3,31,6,15,8,7,5,4,2016,2016
0,221,1660,8,1700,90,40,3,0,3,32,8,15,8,7,0,4,2016,2016
0,222,1663,8,1700,90,37,3,0,3,32,9,15,8,7,1,4,2016,2016
0,223,1662,8,1700,90,38,3,0,3,32,10,15,8,7,2,4,2016,2016
0,224,1706,8,1700,90,45,3,51,3,32,11,15,8,7,3,4,2016,2016
0,225,1657,8,1700,90,43,3,0,3,32,12,15,8,7,4,4,2016,2016
0,226,1662,8,1700,90,38,3,0,3,32,13,15,8,7,5,4,2016,2016
0,227,1662,8,1700,90,38,3,0,3,32,14,15,8,7,6,4,2016,2016
0,229,1656,8,1700,90,44,3,0,3,33,16,15,8,7,1,4,2016,2016
0,234,1656,8,1700,90,44,3,0,3,33,21,15,8,7,6,4,2016,2016
0,235,1651,8,1700,90,49,3,0,3,34,22,15,8,7,0,4,2016,2016
0,236,1652,8,1700,90,48,3,0,3,34,23,15,8,7,1,4,2016,2016
0,237,1686,8,1700,90,49,3,35,3,34,24,15,8,7,2,4,2016,2016
0,238,1648,8,1700,90,52,3,0,3,34,25,15,8,7,3,4,2016,2016
0,239,1645,8,1700,90,55,3,0,3,34,26,15,8,7,4,4,2016,2016
0,240,1652,8,1700,90,48,3,0,3,34,27,15,8,7,5,4,2016,2016
0,241,1651,8,1700,90,49,3,0,3,34,28,15,8,7,6,4,2016,2016
0,242,1640,8,1700,90,60,3,0,3,35,29,15,8,7,0,4,2016,2016
0,243,1719,8,1700,90,59,3,78,3,35,30,15,8,7,1,4,2016,2016
42,244,1778,8,1700,90,54,3,132,3,35,31,15,8,7,2,4,2016,2016
126,245,1864,9,1700,90,52,3,216,3,35,1,15,9,8,3,0,2016,2016
145,246,1874,9,1700,90,61,3,235,3,35,2,15,9,8,4,0,2016,2016
0,247,1645,9,1700,90,55,3,0,3,35,3,15,9,8,5,0,2016,2016
0,249,1627,9,1700,90,73,3,0,3,36,5,15,9,8,0,0,2016,2016
0,251,1714,9,1700,90,64,3,78,3,36,7,15,9,8,2,0,2016,2016
27,252,1750,9,1700,90,67,3,117,3,36,8,15,9,8,3,0,2016,2016
0,253,1638,9,1700,90,62,3,0,3,36,9,15,9,8,4,0,2016,2016
0,254,1641,9,1700,90,59,3,0,3,36,10,15,9,8,5,0,2016,2016
0,255,1641,9,1700,90,68,3,9,3,36,11,15,9,8,6,0,2016,2016
0,256,1628,9,1700,90,72,3,0,3,37,12,15,9,8,0,0,2016,2016
0,257,1635,9,1700,90,65,3,0,3,37,13,15,9,8,1,0,2016,2016
0,258,1703,9,1700,90,68,3,71,3,37,14,15,9,8,2,0,2016,2016
0,259,1656,9,1700,90,75,3,31,3,37,15,15,9,8,3,0,2016,2016
0,260,1629,9,1700,90,71,3,0,3,37,16,15,9,8,4,0,2016,2016
0,261,1626,9,1700,90,74,3,0,3,37,17,15,9,8,5,0,2016,2016
0,263,1625,9,1700,90,75,3,0,3,38,19,15,9,8,0,0,2016,2016
0,264,1628,9,1700,90,72,3,0,3,38,20,15,9,8,1,0,2016,2016
0,265,1707,9,1700,90,80,3,87,3,38,21,15,9,8,2,0,2016,2016
0,267,1624,9,1700,90,76,3,0,3,38,23,15,9,8,4,0,2016,2016
0,268,1629,9,1700,90,71,3,0,3,38,24,15,9,8,5,0,2016,2016
0,269,1621,9,1700,90,79,3,0,3,38,25,15,9,8,6,0,2016,2016
0,271,1610,9,1700,90,90,3,0,3,39,27,15,9,8,1,0,2016,2016
0,272,1611,9,1700,90,89,3,0,3,39,28,15,9,8,2,0,2016,2016
0,273,1635,9,1700,90,89,3,24,3,39,29,15,9,8,3,0,2016,2016
5,274,1704,9,1700,90,91,3,95,3,39,30,15,9,8,4,0,2016,2016
0,275,1628,10,1700,90,72,4,0,4,39,1,15,10,9,5,3,2016,2016
0,277,1617,10,1700,90,83,4,0,4,40,3,15,10,9,0,3,2016,2016
0,278,1615,10,1700,90,85,4,0,4,40,4,15,10,9,1,3,2016,2016
0,279,1628,10,1700,90,83,4,11,4,40,5,15,10,9,2,3,2016,2016
0,280,1623,10,1700,90,77,4,0,4,40,6,15,10,9,3,3,2016,2016
0,281,1616,10,1700,90,84,4,0,4,40,7,15,10,9,4,3,2016,2016
0,282,1623,10,1700,90,77,4,0,4,40,8,15,10,9,5,3,2016,2016
0,283,1619,10,1700,90,81,4,0,4,40,9,15,10,9,6,3,2016,2016
0,285,1620,10,1700,90,80,4,0,4,41,11,15,10,9,1,3,2016,2016
0,286,1619,10,1700,90,81,4,0,4,41,12,15,10,9,2,3,2016,2016
0,287,1616,10,1700,90,84,4,0,4,41,13,15,10,9,3,3,2016,2016
0,288,1610,10,1700,90,90,4,0,4,41,14,15,10,9,4,3,2016,2016
0,289,1614,10,1700,90,86,4,0,4,41,15,15,10,9,5,3,2016,2016
0,292,1622,10,1700,90,78,4,0,4,42,18,15,10,9,1,3,2016,2016
0,293,1625,10,1700,90,75,4,0,4,42,19,15,10,9,2,3,2016,2016
0,294,1627,10,1700,90,73,4,0,4,42,20,15,10,9,3,3,2016,2016
0,295,1623,10,1700,90,77,4,0,4,42,21,15,10,9,4,3,2016,2016
0,296,1625,10,1700,90,75,4,0,4,42,22,15,10,9,5,3,2016,2016
0,297,1630,10,1700,90,70,4,0,4,42,23,15,10,9,6,3,2016,2016
0,298,1709,10,1700,90,73,4,82,4,43,24,15,10,9,0,3,2016,2016
0,299,1641,10,1700,90,59,4,0,4,43,25,15,10,9,1,3,2016,2016
0,303,1650,10,1700,90,50,4,0,4,43,29,15,10,9,5,3,2016,2016
0,304,1641,10,1700,90,59,4,0,4,43,30,15,10,9,6,3,2016,2016
0,305,1629,10,1700,90,71,4,0,4,44,31,15,10,9,0,3,2016,2016
195,306,1920,11,1700,90,65,4,285,4,44,1,15,11,10,1,5,2016,2016
0,307,1634,11,1700,90,66,4,0,4,44,2,15,11,10,2,5,2016,2016
0,308,1671,11,1700,90,62,4,33,4,44,3,15,11,10,3,5,2016,2016
0,309,1638,11,1700,90,62,4,0,4,44,4,15,11,10,4,5,2016,2016
0,311,1652,11,1700,90,48,4,0,4,44,6,15,11,10,6,5,2016,2016
0,313,1643,11,1700,90,57,4,0,4,45,8,15,11,10,1,5,2016,2016
0,314,1645,11,1700,90,55,4,0,4,45,9,15,11,10,2,5,2016,2016
0,315,1645,11,1700,90,55,4,0,4,45,10,15,11,10,3,5,2016,2016
0,316,1643,11,1700,90,57,4,0,4,45,11,15,11,10,4,5,2016,2016
0,317,1656,11,1700,90,44,4,0,4,45,12,15,11,10,5,5,2016,2016
0,318,1652,11,1700,90,48,4,0,4,45,13,15,11,10,6,5,2016,2016
0,319,1642,11,1700,90,58,4,0,4,46,14,15,11,10,0,5,2016,2016
0,320,1638,11,1700,90,64,4,2,4,46,15,15,11,10,1,5,2016,2016
0,321,1639,11,1700,90,61,4,0,4,46,16,15,11,10,2,5,2016,2016
0,322,1638,11,1700,90,62,4,0,4,46,17,15,11,10,3,5,2016,2016
0,324,1641,11,1700,90,59,4,0,4,46,19,15,11,10,5,5,2016,2016
0,325,1628,11,1700,90,72,4,0,4,46,20,15,11,10,6,5,2016,2016
0,326,1630,11,1700,90,70,4,0,4,47,21,15,11,10,0,5,2016,2016
0,327,1633,11,1700,90,67,4,0,4,47,22,15,11,10,1,5,2016,2016
0,328,1652,11,1700,90,73,4,25,4,47,23,15,11,10,2,5,2016,2016
0,329,1622,11,1700,90,78,4,0,4,47,24,15,11,10,3,5,2016,2016
0,330,1624,11,1700,90,76,4,0,4,47,25,15,11,10,4,5,2016,2016
0,331,1633,11,1700,90,67,4,0,4,47,26,15,11,10,5,5,2016,2016
0,333,1638,11,1700,90,62,4,0,4,48,28,15,11,10,0,5,2016,2016
0,335,1651,11,1700,90,49,4,0,4,48,30,15,11,10,2,5,2016,2016
0,337,1688,12,1700,90,46,4,34,4,48,2,15,12,11,4,1,2016,2016
0,338,1655,12,1700,90,45,4,0,4,48,3,15,12,11,5,1,2016,2016
0,340,1650,12,1700,90,50,4,0,4,49,5,15,12,11,0,1,2016,2016
0,341,1653,12,1700,90,47,4,0,4,49,6,15,12,11,1,1,2016,2016
0,342,1645,12,1700,90,55,4,0,4,49,7,15,12,11,2,1,2016,2016
0,343,1640,12,1700,90,60,4,0,4,49,8,15,12,11,3,1,2016,2016
0,344,1643,12,1700,90,57,4,0,4,49,9,15,12,11,4,1,2016,2016
0,345,1644,12,1700,90,56,4,0,4,49,10,15,12,11,5,1,2016,2016
0,346,1640,12,1700,90,60,4,0,4,49,11,15,12,11,6,1,2016,2016
0,347,1630,12,1700,90,70,4,0,4,50,12,15,12,11,0,1,2016,2016
0,348,1632,12,1700,90,68,4,0,4,50,13,15,12,11,1,1,2016,2016
0,349,1629,12,1700,90,71,4,0,4,50,14,15,12,11,2,1,2016,2016
0,350,1630,12,1700,90,70,4,0,4,50,15,15,12,11,3,1,2016,2016
0,351,1638,12,1700,90,62,4,0,4,50,16,15,12,11,4,1,2016,2016
0,353,1638,12,1700,90,62,4,0,4,50,18,15,12,11,6,1,2016,2016
0,354,1639,12,1700,90,61,4,0,4,51,19,15,12,11,0,1,2016,2016
0,355,1649,12,1700,90,51,4,0,4,51,20,15,12,11,1,1,2016,2016
0,356,1651,12,1700,90,49,4,0,4,51,21,15,12,11,2,1,2016,2016
0,358,1652,12,1700,90,48,4,0,4,51,23,15,12,11,4,1,2016,2016
0,359,1656,12,1700,90,44,4,0,4,51,24,15,12,11,5,1,2016,2016
0,360,1650,12,1700,90,50,4,0,4,51,25,15,12,11,6,1,2016,2016
0,361,1639,12,1700,90,61,4,0,4,52,26,15,12,11,0,1,2016,2016
0,363,1609,12,1700,90,91,4,0,4,52,28,15,12,11,2,1,2016,2016
0,364,1604,12,1700,90,96,4,0,4,52,29,15,12,11,3,1,2016,2016
0,2,1730,1,1800,90,70,1,0,1,1,2,15,1,12,0,3,2017,2016
0,3,1726,1,1800,90,74,1,0,1,1,3,15,1,12,1,3,2017,2016
0,4,1724,1,1800,90,76,1,0,1,1,4,15,1,12,2,3,2017,2016
0,5,1724,1,1800,90,76,1,0,1,1,5,15,1,12,3,3,2017,2016
0,6,1729,1,1800,90,71,1,0,1,1,6,15,1,12,4,3,2017,2016
0,7,1719,1,1800,90,81,1,0,1,1,7,15,1,12,5,3,2017,2016
0,8,1712,1,1800,90,88,1,0,1,1,8,15,1,12,6,3,2017,2016
0,9,1711,1,1800,90,89,1,0,1,2,9,15,1,12,0,3,2017,2016
0,10,1720,1,1800,90,80,1,0,1,2,10,15,1,12,1,3,2017,2016
0,11,1727,1,1800,90,73,1,0,1,2,11,15,1,12,2,3,2017,2016
0,13,1753,1,1800,90,47,1,0,1,2,13,15,1,12,4,3,2017,2016
0,14,1751,1,1800,90,49,1,0,1,2,14,15,1,12,5,3,2017,2016
0,17,1748,1,1800,90,52,1,0,1,3,17,15,1,12,1,3,2017,2016
0,18,1750,1,1800,90,50,1,0,1,3,18,15,1,12,2,3,2017,2016
0,19,1745,1,1800,90,55,1,0,1,3,19,15,1,12,3,3,2017,2016
0,21,1742,1,1800,90,58,1,0,1,3,21,15,1,12,5,3,2017,2016
0,23,1735,1,1800,90,65,1,0,1,4,23,15,1,12,0,3,2017,2016
0,26,1734,1,1800,90,66,1,0,1,4,26,15,1,12,3,3,2017,2016
0,27,1727,1,1800,90,73,1,0,1,4,27,15,1,12,4,3,2017,2016
0,28,1738,1,1800,90,62,1,0,1,4,28,15,1,12,5,3,2017,2016
0,29,1736,1,1800,90,64,1,0,1,4,29,15,1,12,6,3,2017,2016
0,30,1733,1,1800,90,67,1,0,1,5,30,15,1,12,0,3,2017,2016
0,31,1744,1,1800,90,56,1,0,1,5,31,15,1,12,1,3,2017,2016
0,33,1769,2,1800,90,50,1,19,1,5,2,15,2,1,3,6,2017,2017
0,36,1752,2,1800,90,48,1,0,1,5,5,15,2,1,6,6,2017,2017
0,37,1769,2,1800,90,58,1,27,1,6,6,15,2,1,0,6,2017,2017
0,38,1740,2,1800,90,60,1,0,1,6,7,15,2,1,1,6,2017,2017
0,39,1735,2,1800,90,65,1,0,1,6,8,15,2,1,2,6,2017,2017
0,40,1740,2,1800,90,60,1,0,1,6,9,15,2,1,3,6,2017,2017
0,41,1734,2,1800,90,66,1,0,1,6,10,15,2,1,4,6,2017,2017
0,43,1742,2,1800,90,58,1,0,1,6,12,15,2,1,6,6,2017,2017
0,45,1744,2,1800,90,56,1,0,1,7,14,15,2,1,1,6,2017,2017
0,46,1740,2,1800,90,60,1,0,1,7,15,15,2,1,2,6,2017,2017
0,48,1737,2,1800,90,63,1,0,1,7,17,15,2,1,4,6,2017,2017
0,50,1746,2,1800,90,54,1,0,1,7,19,15,2,1,6,6,2017,2017
0,51,1743,2,1800,90,57,1,0,1,8,20,15,2,1,0,6,2017,2017
0,52,1742,2,1800,90,58,1,0,1,8,21,15,2,1,1,6,2017,2017
0,53,1740,2,1800,90,60,1,0,1,8,22,15,2,1,2,6,2017,2017
0,55,1736,2,1800,90,64,1,0,1,8,24,15,2,1,4,6,2017,2017
0,56,1743,2,1800,90,57,1,0,1,8,25,15,2,1,5,6,2017,2017
0,57,1743,2,1800,90,57,1,0,1,8,26,15,2,1,6,6,2017,2017
178,60,2015,3,1800,90,53,1,268,1,9,1,15,3,2,2,2,2017,2017
14,61,1850,3,1800,90,54,1,104,1,9,2,15,3,2,3,2,2017,2017
0,63,1753,3,1800,90,47,1,0,1,9,4,15,3,2,5,2,2017,2017
0,64,1742,3,1800,90,58,1,0,1,9,5,15,3,2,6,2,2017,2017
0,65,1739,3,1800,90,61,1,0,1,10,6,15,3,2,0,2,2017,2017
0,66,1744,3,1800,90,56,1,0,1,10,7,15,3,2,1,2,2017,2017
0,67,1748,3,1800,90,52,1,0,1,10,8,15,3,2,2,2,2017,2017
0,68,1806,3,1800,90,55,1,61,1,10,9,15,3,2,3,2,2017,2017
0,69,1739,3,1800,90,61,1,0,1,10,10,15,3,2,4,2,2017,2017
0,70,1743,3,1800,90,57,1,0,1,10,11,15,3,2,5,2,2017,2017
0,71,1739,3,1800,90,61,1,0,1,10,12,15,3,2,6,2,2017,2017
0,72,1734,3,1800,90,66,1,0,1,11,13,15,3,2,0,2,2017,2017
0,73,1743,3,1800,90,57,1,0,1,11,14,15,3,2,1,2,2017,2017
0,74,1740,3,1800,90,60,1,0,1,11,15,15,3,2,2,2,2017,2017
0,75,1739,3,1800,90,61,1,0,1,11,16,15,3,2,3,2,2017,2017
0,76,1740,3,1800,90,60,1,0,1,11,17,15,3,2,4,2,2017,2017
0,79,1741,3,1800,90,59,1,0,1,12,20,15,3,2,0,2,2017,2017
0,80,1742,3,1800,90,58,1,0,1,12,21,15,3,2,1,2,2017,2017
0,82,1744,3,1800,90,56,1,0,1,12,23,15,3,2,3,2,2017,2017
0,83,1747,3,1800,90,53,1,0,1,12,24,15,3,2,4,2,2017,2017
0,84,1752,3,1800,90,48,1,0,1,12,25,15,3,2,5,2,2017,2017
0,86,1772,3,1800,90,56,1,28,1,13,27,15,3,2,0,2,2017,2017
0,87,1744,3,1800,90,56,1,0,1,13,28,15,3,2,1,2,2017,2017
0,90,1742,3,1800,90,58,1,0,1,13,31,15,3,2,4,2,2017,2017
110,91,1955,4,1800,90,45,2,200,2,13,1,15,4,3,5,2,2017,2017
0,92,1755,4,1800,90,45,2,0,2,13,2,15,4,3,6,2,2017,2017
193,93,2034,4,1800,90,49,2,283,2,14,3,15,4,3,0,2,2017,2017
27,94,1865,4,1800,90,52,2,117,2,14,4,15,4,3,1,2,2017,2017
0,95,1752,4,1800,90,48,2,0,2,14,5,15,4,3,2,2,2017,2017
0,96,1757,4,1800,90,43,2,0,2,14,6,15,4,3,3,2,2017,2017
0,98,1769,4,1800,90,44,2,13,2,14,8,15,4,3,5,2,2017,2017
0,99,1759,4,1800,90,41,2,0,2,14,9,15,4,3,6,2,2017,2017
15,100,1860,4,1800,90,45,2,105,2,15,10,15,4,3,0,2,2017,2017
0,101,1754,4,1800,90,46,2,0,2,15,11,15,4,3,1,2,2017,2017
0,102,1754,4,1800,90,46,2,0,2,15,12,15,4,3,2,2,2017,2017
0,103,1745,4,1800,90,55,2,0,2,15,13,15,4,3,3,2,2017,2017
0,104,1747,4,1800,90,53,2,0,2,15,14,15,4,3,4,2,2017,2017
0,105,1747,4,1800,90,53,2,0,2,15,15,15,4,3,5,2,2017,2017
0,108,1740,4,1800,90,60,2,0,2,16,18,15,4,3,1,2,2017,2017
0,109,1733,4,1800,90,67,2,0,2,16,19,15,4,3,2,2,2017,2017
0,110,1728,4,1800,90,72,2,0,2,16,20,15,4,3,3,2,2017,2017
0,111,1731,4,1800,90,69,2,0,2,16,21,15,4,3,4,2,2017,2017
0,112,1739,4,1800,90,61,2,0,2,16,22,15,4,3,5,2,2017,2017
0,113,1729,4,1800,90,71,2,0,2,16,23,15,4,3,6,2,2017,2017
0,115,1731,4,1800,90,69,2,0,2,17,25,15,4,3,1,2,2017,2017
0,117,1739,4,1800,90,61,2,0,2,17,27,15,4,3,3,2,2017,2017
0,118,1737,4,1800,90,63,2,0,2,17,28,15,4,3,4,2,2017,2017
0,119,1741,4,1800,90,59,2,0,2,17,29,15,4,3,5,2,2017,2017
0,120,1738,4,1800,90,62,2,0,2,17,30,15,4,3,6,2,2017,2017
218,121,2044,5,1800,90,64,2,308,2,18,1,15,5,4,0,5,2017,2017
0,122,1731,5,1800,90,69,2,0,2,18,2,15,5,4,1,5,2017,2017
185,123,2010,5,1800,90,65,2,275,2,18,3,15,5,4,2,5,2017,2017
91,124,1917,5,1800,90,64,2,181,2,18,4,15,5,4,3,5,2017,2017
0,125,1737,5,1800,90,63,2,0,2,18,5,15,5,4,4,5,2017,2017
18,126,1854,5,1800,90,54,2,108,2,18,6,15,5,4,5,5,2017,2017
0,127,1739,5,1800,90,61,2,0,2,18,7,15,5,4,6,5,2017,2017
0,128,1741,5,1800,90,59,2,0,2,19,8,15,5,4,0,5,2017,2017
53,129,1889,5,1800,90,54,2,143,2,19,9,15,5,4,1,5,2017,2017
0,130,1814,5,1800,90,55,2,69,2,19,10,15,5,4,2,5,2017,2017
49,132,1884,5,1800,90,55,2,139,2,19,12,15,5,4,4,5,2017,2017
0,133,1746,5,1800,90,54,2,0,2,19,13,15,5,4,5,5,2017,2017
0,134,1735,5,1800,90,65,2,0,2,19,14,15,5,4,6,5,2017,2017
0,136,1730,5,1800,90,70,2,0,2,20,16,15,5,4,1,5,2017,2017
0,137,1730,5,1800,90,70,2,0,2,20,17,15,5,4,2,5,2017,2017
0,138,1738,5,1800,90,62,2,0,2,20,18,15,5,4,3,5,2017,2017
0,140,1755,5,1800,90,45,2,0,2,20,20,15,5,4,5,5,2017,2017
0,141,1752,5,1800,90,48,2,0,2,20,21,15,5,4,6,5,2017,2017
0,142,1754,5,1800,90,61,2,15,2,21,22,15,5,4,0,5,2017,2017
86,143,1922,5,1800,90,54,2,176,2,21,23,15,5,4,1,5,2017,2017
0,144,1749,5,1800,90,51,2,0,2,21,24,15,5,4,2,5,2017,2017
0,145,1748,5,1800,90,52,2,0,2,21,25,15,5,4,3,5,2017,2017
0,146,1742,5,1800,90,58,2,0,2,21,26,15,5,4,4,5,2017,2017
0,147,1749,5,1800,90,51,2,0,2,21,27,15,5,4,5,5,2017,2017
0,149,1743,5,1800,90,57,2,0,2,22,29,15,5,4,0,5,2017,2017
0,150,1745,5,1800,90,55,2,0,2,22,30,15,5,4,1,5,2017,2017
330,152,2166,6,1800,90,54,2,420,2,22,1,15,6,5,3,0,2017,2017
135,153,1968,6,1800,90,57,2,225,2,22,2,15,6,5,4,0,2017,2017
0,155,1752,6,1800,90,48,2,0,2,22,4,15,6,5,6,0,2017,2017
0,157,1739,6,1800,90,61,2,0,2,23,6,15,6,5,1,0,2017,2017
2,159,1838,6,1800,90,54,2,92,2,23,8,15,6,5,3,0,2017,2017
0,160,1744,6,1800,90,56,2,0,2,23,9,15,6,5,4,0,2017,2017
0,162,1746,6,1800,90,54,2,0,2,23,11,15,6,5,6,0,2017,2017
1,163,1835,6,1800,90,56,2,91,2,24,12,15,6,5,0,0,2017,2017
137,164,1971,6,1800,90,56,2,227,2,24,13,15,6,5,1,0,2017,2017
0,165,1745,6,1800,90,55,2,0,2,24,14,15,6,5,2,0,2017,2017
0,166,1755,6,1800,90,45,2,0,2,24,15,15,6,5,3,0,2017,2017
0,167,1750,6,1800,90,50,2,0,2,24,16,15,6,5,4,0,2017,2017
0,168,1748,6,1800,90,52,2,0,2,24,17,15,6,5,5,0,2017,2017
0,169,1736,6,1800,90,64,2,0,2,24,18,15,6,5,6,0,2017,2017
0,170,1737,6,1800,90,63,2,0,2,25,19,15,6,5,0,0,2017,2017
0,172,1779,6,1800,90,60,2,39,2,25,21,15,6,5,2,0,2017,2017
0,174,1745,6,1800,90,55,2,0,2,25,23,15,6,5,4,0,2017,2017
0,176,1737,6,1800,90,63,2,0,2,25,25,15,6,5,6,0,2017,2017
0,177,1736,6,1800,90,64,2,0,2,26,26,15,6,5,0,0,2017,2017
0,178,1747,6,1800,90,53,2,0,2,26,27,15,6,5,1,0,2017,2017
0,179,1746,6,1800,90,54,2,0,2,26,28,15,6,5,2,0,2017,2017
0,180,1743,6,1800,90,57,2,0,2,26,29,15,6,5,3,0,2017,2017
0,181,1812,6,1800,90,59,2,71,2,26,30,15,6,5,4,0,2017,2017
0,182,1749,7,1800,90,51,3,0,3,26,1,15,7,6,5,3,2017,2017
0,184,1761,7,1800,90,60,3,21,3,27,3,15,7,6,0,3,2017,2017
4,185,1846,7,1800,90,48,3,94,3,27,4,15,7,6,1,3,2017,2017
0,187,1754,7,1800,90,46,3,0,3,27,6,15,7,6,3,3,2017,2017
0,188,1756,7,1800,90,44,3,0,3,27,7,15,7,6,4,3,2017,2017
0,189,1757,7,1800,90,43,3,0,3,27,8,15,7,6,5,3,2017,2017
0,191,1751,7,1800,90,49,3,0,3,28,10,15,7,6,0,3,2017,2017
0,192,1753,7,1800,90,47,3,0,3,28,11,15,7,6,1,3,2017,2017
0,194,1747,7,1800,90,53,3,0,3,28,13,15,7,6,3,3,2017,2017
40,195,1871,7,1800,90,59,3,130,3,28,14,15,7,6,4,3,2017,2017
0,196,1762,7,1800,90,62,3,24,3,28,15,15,7,6,5,3,2017,2017
0,197,1797,7,1800,90,71,3,68,3,28,16,15,7,6,6,3,2017,2017
47,198,1868,7,1800,90,69,3,137,3,29,17,15,7,6,0,3,2017,2017
101,199,1925,7,1800,90,66,3,191,3,29,18,15,7,6,1,3,2017,2017
76,200,1907,7,1800,90,59,3,166,3,29,19,15,7,6,2,3,2017,2017
0,201,1744,7,1800,90,56,3,0,3,29,20,15,7,6,3,3,2017,2017
0,202,1746,7,1800,90,54,3,0,3,29,21,15,7,6,4,3,2017,2017
0,204,1745,7,1800,90,55,3,0,3,29,23,15,7,6,6,3,2017,2017
0,206,1741,7,1800,90,59,3,0,3,30,25,15,7,6,1,3,2017,2017
0,207,1739,7,1800,90,61,3,0,3,30,26,15,7,6,2,3,2017,2017
0,209,1744,7,1800,90,56,3,0,3,30,28,15,7,6,4,3,2017,2017
0,210,1748,7,1800,90,52,3,0,3,30,29,15,7,6,5,3,2017,2017
0,211,1748,7,1800,90,52,3,0,3,30,30,15,7,6,6,3,2017,2017
0,212,1727,7,1800,90,73,3,0,3,31,31,15,7,6,0,3,2017,2017
269,213,2096,8,1800,90,63,3,359,3,31,1,15,8,7,1,5,2017,2017
187,214,2014,8,1800,90,63,3,277,3,31,2,15,8,7,2,5,2017,2017
53,215,1875,8,1800,90,68,3,143,3,31,3,15,8,7,3,5,2017,2017
0,216,1734,8,1800,90,66,3,0,3,31,4,15,8,7,4,5,2017,2017
109,217,1935,8,1800,90,64,3,199,3,31,5,15,8,7,5,5,2017,2017
0,218,1730,8,1800,90,70,3,0,3,31,6,15,8,7,6,5,2017,2017
13,219,1835,8,1800,90,68,3,103,3,32,7,15,8,7,0,5,2017,2017
11,220,1838,8,1800,90,63,3,101,3,32,8,15,8,7,1,5,2017,2017
0,221,1743,8,1800,90,57,3,0,3,32,9,15,8,7,2,5,2017,2017
0,222,1743,8,1800,90,57,3,0,3,32,10,15,8,7,3,5,2017,2017
62,223,1886,8,1800,90,66,3,152,3,32,11,15,8,7,4,5,2017,2017
0,224,1738,8,1800,90,62,3,0,3,32,12,15,8,7,5,5,2017,2017
0,225,1734,8,1800,90,66,3,0,3,32,13,15,8,7,6,5,2017,2017
47,226,1872,8,1800,90,65,3,137,3,33,14,15,8,7,0,5,2017,2017
0,228,1823,8,1800,90,66,3,89,3,33,16,15,8,7,2,5,2017,2017
0,229,1802,8,1800,90,59,3,61,3,33,17,15,8,7,3,5,2017,2017
0,230,1760,8,1800,90,61,3,21,3,33,18,15,8,7,4,5,2017,2017
0,231,1750,8,1800,90,52,3,2,3,33,19,15,8,7,5,5,2017,2017
0,232,1739,8,1800,90,61,3,0,3,33,20,15,8,7,6,5,2017,2017
0,233,1734,8,1800,90,66,3,0,3,34,21,15,8,7,0,5,2017,2017
0,234,1724,8,1800,90,76,3,0,3,34,22,15,8,7,1,5,2017,2017
0,235,1726,8,1800,90,74,3,0,3,34,23,15,8,7,2,5,2017,2017
14,236,1832,8,1800,90,72,3,104,3,34,24,15,8,7,3,5,2017,2017
0,237,1725,8,1800,90,75,3,0,3,34,25,15,8,7,4,5,2017,2017
0,238,1776,8,1800,90,72,3,48,3,34,26,15,8,7,5,5,2017,2017
0,240,1727,8,1800,90,73,3,0,3,35,28,15,8,7,0,5,2017,2017
86,241,1910,8,1800,90,66,3,176,3,35,29,15,8,7,1,5,2017,2017
0,242,1738,8,1800,90,62,3,0,3,35,30,15,8,7,2,5,2017,2017
0,243,1731,8,1800,90,69,3,0,3,35,31,15,8,7,3,5,2017,2017
30,244,1842,9,1800,90,78,3,120,3,35,1,15,9,8,4,1,2017,2017
0,245,1785,9,1800,90,67,3,52,3,35,2,15,9,8,5,1,2017,2017
22,246,1846,9,1800,90,66,3,112,3,35,3,15,9,8,6,1,2017,2017
0,247,1725,9,1800,90,75,3,0,3,36,4,15,9,8,0,1,2017,2017
0,250,1707,9,1800,90,93,3,0,3,36,7,15,9,8,3,1,2017,2017
0,252,1711,9,1800,90,89,3,0,3,36,9,15,9,8,5,1,2017,2017
0,254,1710,9,1800,90,90,3,0,3,37,11,15,9,8,0,1,2017,2017
0,255,1722,9,1800,90,78,3,0,3,37,12,15,9,8,1,1,2017,2017
129,256,1931,9,1800,90,88,3,219,3,37,13,15,9,8,2,1,2017,2017
0,257,1718,9,1800,90,82,3,0,3,37,14,15,9,8,3,1,2017,2017
0,258,1721,9,1800,90,88,3,9,3,37,15,15,9,8,4,1,2017,2017
0,259,1793,9,1800,90,74,3,67,3,37,16,15,9,8,5,1,2017,2017
0,260,1721,9,1800,90,79,3,0,3,37,17,15,9,8,6,1,2017,2017
0,261,1790,9,1800,90,78,3,68,3,38,18,15,9,8,0,1,2017,2017
0,262,1714,9,1800,90,86,3,0,3,38,19,15,9,8,1,1,2017,2017
0,263,1708,9,1800,90,92,3,0,3,38,20,15,9,8,2,1,2017,2017
0,266,1785,9,1800,90,93,3,78,3,38,23,15,9,8,5,1,2017,2017
0,267,1706,9,1800,90,94,3,0,3,38,24,15,9,8,6,1,2017,2017
0,268,1707,9,1800,90,93,3,0,3,39,25,15,9,8,0,1,2017,2017
0,270,1724,9,1800,90,76,3,0,3,39,27,15,9,8,2,1,2017,2017
0,271,1727,9,1800,90,73,3,0,3,39,28,15,9,8,3,1,2017,2017
0,272,1762,9,1800,90,83,3,45,3,39,29,15,9,8,4,1,2017,2017
0,273,1723,9,1800,90,77,3,0,3,39,30,15,9,8,5,1,2017,2017
0,275,1718,10,1800,90,82,4,0,4,40,2,15,10,9,0,4,2017,2017
0,276,1733,10,1800,90,88,4,21,4,40,3,15,10,9,1,4,2017,2017
0,277,1764,10,1800,90,96,4,60,4,40,4,15,10,9,2,4,2017,2017
0,281,1709,10,1800,90,91,4,0,4,40,8,15,10,9,6,4,2017,2017
118,282,1913,10,1800,90,95,4,208,4,41,9,15,10,9,0,4,2017,2017
0,285,1708,10,1800,90,92,4,0,4,41,12,15,10,9,3,4,2017,2017
0,286,1712,10,1800,90,88,4,0,4,41,13,15,10,9,4,4,2017,2017
0,287,1725,10,1800,90,75,4,0,4,41,14,15,10,9,5,4,2017,2017
0,288,1712,10,1800,90,88,4,0,4,41,15,15,10,9,6,4,2017,2017
17,289,1811,10,1800,90,96,4,107,4,42,16,15,10,9,0,4,2017,2017
0,290,1706,10,1800,90,94,4,0,4,42,17,15,10,9,1,4,2017,2017
0,291,1707,10,1800,90,93,4,0,4,42,18,15,10,9,2,4,2017,2017
0,292,1707,10,1800,90,93,4,0,4,42,19,15,10,9,3,4,2017,2017
0,294,1704,10,1800,90,96,4,0,4,42,21,15,10,9,5,4,2017,2017
0,295,1705,10,1800,90,95,4,0,4,42,22,15,10,9,6,4,2017,2017
0,297,1719,10,1800,90,81,4,0,4,43,24,15,10,9,1,4,2017,2017
0,298,1722,10,1800,90,78,4,0,4,43,25,15,10,9,2,4,2017,2017
0,300,1727,10,1800,90,73,4,0,4,43,27,15,10,9,4,4,2017,2017
0,301,1736,10,1800,90,64,4,0,4,43,28,15,10,9,5,4,2017,2017
0,302,1681,10,1800,90,119,4,0,4,43,29,15,10,9,6,4,2017,2017
26,303,1852,10,1800,90,64,4,116,4,44,30,15,10,9,0,4,2017,2017
0,304,1736,10,1800,90,64,4,0,4,44,31,15,10,9,1,4,2017,2017
153,305,1986,11,1800,90,57,4,243,4,44,1,15,11,10,2,6,2017,2017
0,306,1754,11,1800,90,60,4,14,4,44,2,15,11,10,3,6,2017,2017
66,307,1894,11,1800,90,62,4,156,4,44,3,15,11,10,4,6,2017,2017
0,309,1739,11,1800,90,61,4,0,4,44,5,15,11,10,6,6,2017,2017
0,311,1736,11,1800,90,64,4,0,4,45,7,15,11,10,1,6,2017,2017
0,312,1742,11,1800,90,58,4,0,4,45,8,15,11,10,2,6,2017,2017
0,313,1727,11,1800,90,73,4,0,4,45,9,15,11,10,3,6,2017,2017
0,314,1732,11,1800,90,68,4,0,4,45,10,15,11,10,4,6,2017,2017
0,315,1736,11,1800,90,64,4,0,4,45,11,15,11,10,5,6,2017,2017
0,317,1739,11,1800,90,61,4,0,4,46,13,15,11,10,0,6,2017,2017
0,318,1737,11,1800,90,63,4,0,4,46,14,15,11,10,1,6,2017,2017
0,319,1732,11,1800,90,68,4,0,4,46,15,15,11,10,2,6,2017,2017
0,321,1727,11,1800,90,73,4,0,4,46,17,15,11,10,4,6,2017,2017
0,323,1733,11,1800,90,67,4,0,4,46,19,15,11,10,6,6,2017,2017
0,324,1730,11,1800,90,70,4,0,4,47,20,15,11,10,0,6,2017,2017
0,325,1730,11,1800,90,70,4,0,4,47,21,15,11,10,1,6,2017,2017
0,326,1738,11,1800,90,62,4,0,4,47,22,15,11,10,2,6,2017,2017
0,327,1741,11,1800,90,59,4,0,4,47,23,15,11,10,3,6,2017,2017
0,328,1740,11,1800,90,60,4,0,4,47,24,15,11,10,4,6,2017,2017
0,329,1748,11,1800,90,52,4,0,4,47,25,15,11,10,5,6,2017,2017
0,330,1738,11,1800,90,62,4,0,4,47,26,15,11,10,6,6,2017,2017
0,332,1730,11,1800,90,70,4,0,4,48,28,15,11,10,1,6,2017,2017
0,333,1733,11,1800,90,67,4,0,4,48,29,15,11,10,2,6,2017,2017
0,334,1733,11,1800,90,67,4,0,4,48,30,15,11,10,3,6,2017,2017
0,335,1731,12,1800,90,69,4,0,4,48,1,15,12,11,4,2,2017,2017
0,336,1738,12,1800,90,62,4,0,4,48,2,15,12,11,5,2,2017,2017
0,337,1734,12,1800,90,66,4,0,4,48,3,15,12,11,6,2,2017,2017
0,338,1724,12,1800,90,76,4,0,4,49,4,15,12,11,0,2,2017,2017
0,340,1734,12,1800,90,66,4,0,4,49,6,15,12,11,2,2,2017,2017
0,341,1731,12,1800,90,69,4,0,4,49,7,15,12,11,3,2,2017,2017
0,342,1741,12,1800,90,59,4,0,4,49,8,15,12,11,4,2,2017,2017
0,343,1743,12,1800,90,57,4,0,4,49,9,15,12,11,5,2,2017,2017
0,344,1734,12,1800,90,66,4,0,4,49,10,15,12,11,6,2,2017,2017
0,345,1732,12,1800,90,68,4,0,4,50,11,15,12,11,0,2,2017,2017
0,346,1733,12,1800,90,67,4,0,4,50,12,15,12,11,1,2,2017,2017
0,348,1721,12,1800,90,79,4,0,4,50,14,15,12,11,3,2,2017,2017
0,349,1717,12,1800,90,83,4,0,4,50,15,15,12,11,4,2,2017,2017
0,350,1726,12,1800,90,74,4,0,4,50,16,15,12,11,5,2,2017,2017
0,351,1725,12,1800,90,75,4,0,4,50,17,15,12,11,6,2,2017,2017
0,352,1717,12,1800,90,83,4,0,4,51,18,15,12,11,0,2,2017,2017
0,353,1718,12,1800,90,82,4,0,4,51,19,15,12,11,1,2,2017,2017
0,354,1722,12,1800,90,78,4,0,4,51,20,15,12,11,2,2,2017,2017
0,358,1743,12,1800,90,57,4,0,4,51,24,15,12,11,6,2,2017,2017
0,359,1740,12,1800,90,60,4,0,4,52,25,15,12,11,0,2,2017,2017
0,360,1738,12,1800,90,62,4,0,4,52,26,15,12,11,1,2,2017,2017
0,361,1724,12,1800,90,76,4,0,4,52,27,15,12,11,2,2,2017,2017
0,362,1719,12,1800,90,81,4,0,4,52,28,15,12,11,3,2,2017,2017
0,363,1725,12,1800,90,75,4,0,4,52,29,15,12,11,4,2,2017,2017
0,364,1729,12,1800,90,71,4,0,4,52,30,15,12,11,5,2,2017,2017
0,365,1729,12,1800,90,71,4,0,4,52,31,15,12,11,6,2,2017,2017
0,1,1836,1,1900,90,64,1,0,1,1,1,15,1,12,0,4,2018,2017
0,2,1825,1,1900,90,75,1,0,1,1,2,15,1,12,1,4,2018,2017
0,3,1826,1,1900,90,74,1,0,1,1,3,15,1,12,2,4,2018,2017
0,4,1820,1,1900,90,80,1,0,1,1,4,15,1,12,3,4,2018,2017
0,5,1820,1,1900,90,80,1,0,1,1,5,15,1,12,4,4,2018,2017
0,6,1824,1,1900,90,76,1,0,1,1,6,15,1,12,5,4,2018,2017
0,7,1819,1,1900,90,81,1,0,1,1,7,15,1,12,6,4,2018,2017
0,8,1810,1,1900,90,90,1,0,1,2,8,15,1,12,0,4,2018,2017
0,9,1817,1,1900,90,83,1,0,1,2,9,15,1,12,1,4,2018,2017
0,10,1818,1,1900,90,82,1,0,1,2,10,15,1,12,2,4,2018,2017
0,12,1818,1,1900,90,82,1,0,1,2,12,15,1,12,4,4,2018,2017
0,13,1827,1,1900,90,73,1,0,1,2,13,15,1,12,5,4,2018,2017
0,14,1816,1,1900,90,84,1,0,1,2,14,15,1,12,6,4,2018,2017
0,16,1810,1,1900,90,90,1,0,1,3,16,15,1,12,1,4,2018,2017
0,17,1817,1,1900,90,83,1,0,1,3,17,15,1,12,2,4,2018,2017
0,19,1807,1,1900,90,93,1,0,1,3,19,15,1,12,4,4,2018,2017
0,20,1822,1,1900,90,78,1,0,1,3,20,15,1,12,5,4,2018,2017
0,21,1815,1,1900,90,85,1,0,1,3,21,15,1,12,6,4,2018,2017
0,23,1834,1,1900,90,66,1,0,1,4,23,15,1,12,1,4,2018,2017
0,24,1831,1,1900,90,69,1,0,1,4,24,15,1,12,2,4,2018,2017
0,25,1832,1,1900,90,68,1,0,1,4,25,15,1,12,3,4,2018,2017
0,28,1827,1,1900,90,73,1,0,1,4,28,15,1,12,6,4,2018,2017
0,29,1820,1,1900,90,80,1,0,1,5,29,15,1,12,0,4,2018,2017
0,30,1819,1,1900,90,81,1,0,1,5,30,15,1,12,1,4,2018,2017
0,31,1816,1,1900,90,84,1,0,1,5,31,15,1,12,2,4,2018,2017
0,32,1830,2,1900,90,70,1,0,1,5,1,15,2,1,3,0,2018,2018
0,33,1823,2,1900,90,77,1,0,1,5,2,15,2,1,4,0,2018,2018
0,34,1837,2,1900,90,63,1,0,1,5,3,15,2,1,5,0,2018,2018
0,36,1830,2,1900,90,70,1,0,1,6,5,15,2,1,0,0,2018,2018
0,37,1831,2,1900,90,69,1,0,1,6,6,15,2,1,1,0,2018,2018
0,41,1844,2,1900,90,56,1,0,1,6,10,15,2,1,5,0,2018,2018
0,42,1834,2,1900,90,66,1,0,1,6,11,15,2,1,6,0,2018,2018
0,43,1825,2,1900,90,75,1,0,1,7,12,15,2,1,0,0,2018,2018
0,44,1842,2,1900,90,58,1,0,1,7,13,15,2,1,1,0,2018,2018
0,45,1836,2,1900,90,64,1,0,1,7,14,15,2,1,2,0,2018,2018
0,46,1840,2,1900,90,60,1,0,1,7,15,15,2,1,3,0,2018,2018
0,47,1825,2,1900,90,75,1,0,1,7,16,15,2,1,4,0,2018,2018
0,48,1836,2,1900,90,64,1,0,1,7,17,15,2,1,5,0,2018,2018
0,49,1835,2,1900,90,65,1,0,1,7,18,15,2,1,6,0,2018,2018
0,50,1833,2,1900,90,67,1,0,1,8,19,15,2,1,0,0,2018,2018
0,51,1833,2,1900,90,67,1,0,1,8,20,15,2,1,1,0,2018,2018
0,52,1825,2,1900,90,75,1,0,1,8,21,15,2,1,2,0,2018,2018
0,54,1829,2,1900,90,71,1,0,1,8,23,15,2,1,4,0,2018,2018
0,57,1821,2,1900,90,79,1,0,1,9,26,15,2,1,0,0,2018,2018
0,58,1820,2,1900,90,80,1,0,1,9,27,15,2,1,1,0,2018,2018
0,59,1815,2,1900,90,85,1,0,1,9,28,15,2,1,2,0,2018,2018
119,60,2031,3,1900,90,78,1,209,1,9,1,15,3,2,3,3,2018,2018
0,61,1820,3,1900,90,80,1,0,1,9,2,15,3,2,4,3,2018,2018
0,63,1826,3,1900,90,74,1,0,1,9,4,15,3,2,6,3,2018,2018
6,64,1918,3,1900,90,78,1,96,1,10,5,15,3,2,0,3,2018,2018
0,65,1831,3,1900,90,69,1,0,1,10,6,15,3,2,1,3,2018,2018
0,66,1893,3,1900,90,76,1,69,1,10,7,15,3,2,2,3,2018,2018
0,67,1820,3,1900,90,80,1,0,1,10,8,15,3,2,3,3,2018,2018
0,68,1813,3,1900,90,87,1,0,1,10,9,15,3,2,4,3,2018,2018
0,69,1824,3,1900,90,76,1,0,1,10,10,15,3,2,5,3,2018,2018
0,70,1832,3,1900,90,68,1,0,1,10,11,15,3,2,6,3,2018,2018
0,71,1832,3,1900,90,68,1,0,1,11,12,15,3,2,0,3,2018,2018
0,72,1896,3,1900,90,68,1,64,1,11,13,15,3,2,1,3,2018,2018
0,74,1862,3,1900,90,84,1,46,1,11,15,15,3,2,3,3,2018,2018
0,75,1818,3,1900,90,82,1,0,1,11,16,15,3,2,4,3,2018,2018
0,77,1826,3,1900,90,74,1,0,1,11,18,15,3,2,6,3,2018,2018
0,78,1824,3,1900,90,76,1,0,1,12,19,15,3,2,0,3,2018,2018
0,79,1812,3,1900,90,88,1,0,1,12,20,15,3,2,1,3,2018,2018
0,80,1806,3,1900,90,94,1,0,1,12,21,15,3,2,2,3,2018,2018
0,81,1812,3,1900,90,88,1,0,1,12,22,15,3,2,3,3,2018,2018
0,82,1800,3,1900,90,100,1,0,1,12,23,15,3,2,4,3,2018,2018
0,84,1817,3,1900,90,83,1,0,1,12,25,15,3,2,6,3,2018,2018
0,85,1826,3,1900,90,74,1,0,1,13,26,15,3,2,0,3,2018,2018
0,86,1830,3,1900,90,70,1,0,1,13,27,15,3,2,1,3,2018,2018
0,87,1831,3,1900,90,69,1,0,1,13,28,15,3,2,2,3,2018,2018
0,89,1811,3,1900,90,89,1,0,1,13,30,15,3,2,4,3,2018,2018
0,90,1828,3,1900,90,72,1,0,1,13,31,15,3,2,5,3,2018,2018
0,91,1905,4,1900,90,64,2,69,2,13,1,15,4,3,6,3,2018,2018
0,92,1929,4,1900,90,58,2,87,2,14,2,15,4,3,0,3,2018,2018
0,93,1835,4,1900,90,65,2,0,2,14,3,15,4,3,1,3,2018,2018
186,94,2114,4,1900,90,62,2,276,2,14,4,15,4,3,2,3,2018,2018
0,95,1835,4,1900,90,65,2,0,2,14,5,15,4,3,3,3,2018,2018
8,96,1931,4,1900,90,67,2,98,2,14,6,15,4,3,4,3,2018,2018
0,97,1832,4,1900,90,68,2,0,2,14,7,15,4,3,5,3,2018,2018
0,98,1830,4,1900,90,70,2,0,2,14,8,15,4,3,6,3,2018,2018
99,102,2016,4,1900,90,73,2,189,2,15,12,15,4,3,3,3,2018,2018
0,103,1828,4,1900,90,72,2,0,2,15,13,15,4,3,4,3,2018,2018
0,105,1835,4,1900,90,65,2,0,2,15,15,15,4,3,6,3,2018,2018
0,106,1840,4,1900,90,60,2,0,2,16,16,15,4,3,0,3,2018,2018
80,107,2014,4,1900,90,56,2,170,2,16,17,15,4,3,1,3,2018,2018
0,108,1836,4,1900,90,64,2,0,2,16,18,15,4,3,2,3,2018,2018
0,109,1836,4,1900,90,64,2,0,2,16,19,15,4,3,3,3,2018,2018
0,110,1907,4,1900,90,61,2,68,2,16,20,15,4,3,4,3,2018,2018
0,111,1858,4,1900,90,57,2,15,2,16,21,15,4,3,5,3,2018,2018
0,112,1842,4,1900,90,58,2,0,2,16,22,15,4,3,6,3,2018,2018
0,113,1843,4,1900,90,57,2,0,2,17,23,15,4,3,0,3,2018,2018
0,114,1848,4,1900,90,52,2,0,2,17,24,15,4,3,1,3,2018,2018
0,116,1905,4,1900,90,58,2,63,2,17,26,15,4,3,3,3,2018,2018
0,117,1845,4,1900,90,55,2,0,2,17,27,15,4,3,4,3,2018,2018
0,119,1845,4,1900,90,55,2,0,2,17,29,15,4,3,6,3,2018,2018
0,120,1901,4,1900,90,60,2,61,2,18,30,15,4,3,0,3,2018,2018
18,121,1943,5,1900,90,65,2,108,2,18,1,15,5,4,1,6,2018,2018
0,123,1822,5,1900,90,78,2,0,2,18,3,15,5,4,3,6,2018,2018
0,124,1824,5,1900,90,76,2,0,2,18,4,15,5,4,4,6,2018,2018
59,126,1977,5,1900,90,72,2,149,2,18,6,15,5,4,6,6,2018,2018
144,127,2064,5,1900,90,70,2,234,2,19,7,15,5,4,0,6,2018,2018
0,129,1847,5,1900,90,53,2,0,2,19,9,15,5,4,2,6,2018,2018
0,130,1847,5,1900,90,53,2,0,2,19,10,15,5,4,3,6,2018,2018
0,131,1845,5,1900,90,55,2,0,2,19,11,15,5,4,4,6,2018,2018
0,133,1844,5,1900,90,56,2,0,2,19,13,15,5,4,6,6,2018,2018
0,134,1837,5,1900,90,63,2,0,2,20,14,15,5,4,0,6,2018,2018
0,136,1896,5,1900,90,60,2,56,2,20,16,15,5,4,2,6,2018,2018
0,137,1834,5,1900,90,66,2,0,2,20,17,15,5,4,3,6,2018,2018
67,138,1989,5,1900,90,68,2,157,2,20,18,15,5,4,4,6,2018,2018
0,139,1827,5,1900,90,73,2,0,2,20,19,15,5,4,5,6,2018,2018
0,140,1822,5,1900,90,78,2,0,2,20,20,15,5,4,6,6,2018,2018
19,141,1931,5,1900,90,78,2,109,2,21,21,15,5,4,0,6,2018,2018
0,142,1817,5,1900,90,83,2,0,2,21,22,15,5,4,1,6,2018,2018
0,145,1798,5,1900,90,102,2,0,2,21,25,15,5,4,4,6,2018,2018
0,146,1811,5,1900,90,89,2,0,2,21,26,15,5,4,5,6,2018,2018
0,148,1820,5,1900,90,80,2,0,2,22,28,15,5,4,0,6,2018,2018
0,149,1830,5,1900,90,70,2,0,2,22,29,15,5,4,1,6,2018,2018
0,151,1833,5,1900,90,67,2,0,2,22,31,15,5,4,3,6,2018,2018
227,152,2151,6,1900,90,66,2,317,2,22,1,15,6,5,4,1,2018,2018
0,153,1840,6,1900,90,60,2,0,2,22,2,15,6,5,5,1,2018,2018
364,155,2274,6,1900,90,80,2,454,2,23,4,15,6,5,0,1,2018,2018
85,156,2004,6,1900,90,71,2,175,2,23,5,15,6,5,1,1,2018,2018
0,158,1823,6,1900,90,77,2,0,2,23,7,15,6,5,3,1,2018,2018
0,159,1822,6,1900,90,78,2,0,2,23,8,15,6,5,4,1,2018,2018
0,160,1864,6,1900,90,79,2,43,2,23,9,15,6,5,5,1,2018,2018
0,161,1810,6,1900,90,90,2,0,2,23,10,15,6,5,6,1,2018,2018
158,163,2076,6,1900,90,72,2,248,2,24,12,15,6,5,1,1,2018,2018
218,164,2128,6,1900,90,80,2,308,2,24,13,15,6,5,2,1,2018,2018
0,165,1822,6,1900,90,78,2,0,2,24,14,15,6,5,3,1,2018,2018
0,166,1815,6,1900,90,85,2,0,2,24,15,15,6,5,4,1,2018,2018
0,167,1818,6,1900,90,82,2,0,2,24,16,15,6,5,5,1,2018,2018
186,170,2091,6,1900,90,85,2,276,2,25,19,15,6,5,1,1,2018,2018
0,172,1810,6,1900,90,90,2,0,2,25,21,15,6,5,3,1,2018,2018
0,173,1809,6,1900,90,91,2,0,2,25,22,15,6,5,4,1,2018,2018
16,174,1920,6,1900,90,86,2,106,2,25,23,15,6,5,5,1,2018,2018
0,175,1814,6,1900,90,86,2,0,2,25,24,15,6,5,6,1,2018,2018
135,176,2025,6,1900,90,100,2,225,2,26,25,15,6,5,0,1,2018,2018
85,177,1990,6,1900,90,85,2,175,2,26,26,15,6,5,1,1,2018,2018
0,178,1814,6,1900,90,86,2,0,2,26,27,15,6,5,2,1,2018,2018
10,179,1918,6,1900,90,82,2,100,2,26,28,15,6,5,3,1,2018,2018
1,180,1902,6,1900,90,89,2,91,2,26,29,15,6,5,4,1,2018,2018
0,182,1848,7,1900,90,81,3,29,3,26,1,15,7,6,6,4,2018,2018
174,183,2084,7,1900,90,80,3,264,3,27,2,15,7,6,0,4,2018,2018
0,185,1840,7,1900,90,60,3,0,3,27,4,15,7,6,2,4,2018,2018
0,186,1837,7,1900,90,63,3,0,3,27,5,15,7,6,3,4,2018,2018
0,187,1893,7,1900,90,71,3,64,3,27,6,15,7,6,4,4,2018,2018
0,189,1822,7,1900,90,78,3,0,3,27,8,15,7,6,6,4,2018,2018
0,190,1868,7,1900,90,83,3,51,3,28,9,15,7,6,0,4,2018,2018
0,192,1870,7,1900,90,84,3,54,3,28,11,15,7,6,2,4,2018,2018
205,193,2115,7,1900,90,80,3,295,3,28,12,15,7,6,3,4,2018,2018
0,194,1860,7,1900,90,66,3,26,3,28,13,15,7,6,4,4,2018,2018
0,196,1827,7,1900,90,73,3,0,3,28,15,15,7,6,6,4,2018,2018
72,197,1992,7,1900,90,70,3,162,3,29,16,15,7,6,0,4,2018,2018
0,198,1842,7,1900,90,62,3,4,3,29,17,15,7,6,1,4,2018,2018
0,200,1876,7,1900,90,75,3,51,3,29,19,15,7,6,3,4,2018,2018
0,201,1828,7,1900,90,72,3,0,3,29,20,15,7,6,4,4,2018,2018
0,202,1835,7,1900,90,65,3,0,3,29,21,15,7,6,5,4,2018,2018
0,204,1831,7,1900,90,69,3,0,3,30,23,15,7,6,0,4,2018,2018
0,206,1831,7,1900,90,69,3,0,3,30,25,15,7,6,2,4,2018,2018
0,207,1822,7,1900,90,78,3,0,3,30,26,15,7,6,3,4,2018,2018
0,208,1818,7,1900,90,82,3,0,3,30,27,15,7,6,4,4,2018,2018
0,209,1823,7,1900,90,77,3,0,3,30,28,15,7,6,5,4,2018,2018
0,211,1808,7,1900,90,92,3,0,3,31,30,15,7,6,0,4,2018,2018
0,212,1813,7,1900,90,87,3,0,3,31,31,15,7,6,1,4,2018,2018
0,213,1825,8,1900,90,75,3,0,3,31,1,15,8,7,2,6,2018,2018
0,214,1821,8,1900,90,79,3,0,3,31,2,15,8,7,3,6,2018,2018
43,215,1956,8,1900,90,77,3,133,3,31,3,15,8,7,4,6,2018,2018
0,216,1836,8,1900,90,64,3,0,3,31,4,15,8,7,5,6,2018,2018
0,217,1839,8,1900,90,61,3,0,3,31,5,15,8,7,6,6,2018,2018
0,219,1831,8,1900,90,69,3,0,3,32,7,15,8,7,1,6,2018,2018
0,221,1825,8,1900,90,75,3,0,3,32,9,15,8,7,3,6,2018,2018
0,222,1826,8,1900,90,74,3,0,3,32,10,15,8,7,4,6,2018,2018
0,223,1841,8,1900,90,59,3,0,3,32,11,15,8,7,5,6,2018,2018
0,224,1837,8,1900,90,63,3,0,3,32,12,15,8,7,6,6,2018,2018
0,225,1836,8,1900,90,64,3,0,3,33,13,15,8,7,0,6,2018,2018
98,226,2030,8,1900,90,58,3,188,3,33,14,15,8,7,1,6,2018,2018
0,227,1847,8,1900,90,53,3,0,3,33,15,15,8,7,2,6,2018,2018
0,228,1930,8,1900,90,56,3,86,3,33,16,15,8,7,3,6,2018,2018
0,229,1838,8,1900,90,62,3,0,3,33,17,15,8,7,4,6,2018,2018
0,230,1834,8,1900,90,66,3,0,3,33,18,15,8,7,5,6,2018,2018
0,231,1846,8,1900,90,75,3,21,3,33,19,15,8,7,6,6,2018,2018
0,232,1821,8,1900,90,79,3,0,3,34,20,15,8,7,0,6,2018,2018
81,233,2000,8,1900,90,71,3,171,3,34,21,15,8,7,1,6,2018,2018
0,234,1871,8,1900,90,79,3,50,3,34,22,15,8,7,2,6,2018,2018
0,239,1828,8,1900,90,90,3,18,3,35,27,15,8,7,0,6,2018,2018
0,240,1808,8,1900,90,92,3,0,3,35,28,15,8,7,1,6,2018,2018
0,241,1820,8,1900,90,80,3,0,3,35,29,15,8,7,2,6,2018,2018
0,242,1823,8,1900,90,77,3,0,3,35,30,15,8,7,3,6,2018,2018
53,243,1956,8,1900,90,87,3,143,3,35,31,15,8,7,4,6,2018,2018
223,244,2129,9,1900,90,84,3,313,3,35,1,15,9,8,5,2,2018,2018
94,245,2001,9,1900,90,83,3,184,3,35,2,15,9,8,6,2,2018,2018
227,246,2132,9,1900,90,85,3,317,3,36,3,15,9,8,0,2,2018,2018
243,248,2151,9,1900,90,82,3,333,3,36,5,15,9,8,2,2,2018,2018
0,251,1815,9,1900,90,85,3,0,3,36,8,15,9,8,5,2,2018,2018
0,252,1806,9,1900,90,94,3,0,3,36,9,15,9,8,6,2,2018,2018
0,253,1798,9,1900,90,102,3,0,3,37,10,15,9,8,0,2,2018,2018
1,254,1901,9,1900,90,90,3,91,3,37,11,15,9,8,1,2,2018,2018
23,255,1922,9,1900,90,91,3,113,3,37,12,15,9,8,2,2,2018,2018
0,256,1803,9,1900,90,97,3,0,3,37,13,15,9,8,3,2,2018,2018
0,258,1803,9,1900,90,97,3,0,3,37,15,15,9,8,5,2,2018,2018
0,260,1810,9,1900,90,90,3,0,3,38,17,15,9,8,0,2,2018,2018
0,261,1811,9,1900,90,89,3,0,3,38,18,15,9,8,1,2,2018,2018
0,262,1793,9,1900,90,107,3,0,3,38,19,15,9,8,2,2,2018,2018
0,263,1784,9,1900,90,116,3,0,3,38,20,15,9,8,3,2,2018,2018
0,264,1822,9,1900,90,116,3,38,3,38,21,15,9,8,4,2,2018,2018
0,265,1888,9,1900,90,102,3,90,3,38,22,15,9,8,5,2,2018,2018
0,266,1796,9,1900,90,104,3,0,3,38,23,15,9,8,6,2,2018,2018
0,267,1796,9,1900,90,104,3,0,3,39,24,15,9,8,0,2,2018,2018
0,268,1846,9,1900,90,106,3,52,3,39,25,15,9,8,1,2,2018,2018
0,270,1794,9,1900,90,106,3,0,3,39,27,15,9,8,3,2,2018,2018
0,271,1786,9,1900,90,114,3,0,3,39,28,15,9,8,4,2,2018,2018
0,272,1800,9,1900,90,100,3,0,3,39,29,15,9,8,5,2,2018,2018
2,274,1892,10,1900,90,100,4,92,4,40,1,15,10,9,0,5,2018,2018
0,275,1811,10,1900,90,89,4,0,4,40,2,15,10,9,1,5,2018,2018
0,276,1806,10,1900,90,94,4,0,4,40,3,15,10,9,2,5,2018,2018
141,277,2038,10,1900,90,93,4,231,4,40,4,15,10,9,3,5,2018,2018
0,278,1808,10,1900,90,92,4,0,4,40,5,15,10,9,4,5,2018,2018
0,280,1815,10,1900,90,85,4,0,4,40,7,15,10,9,6,5,2018,2018
101,281,1998,10,1900,90,93,4,191,4,41,8,15,10,9,0,5,2018,2018
0,284,1797,10,1900,90,103,4,0,4,41,11,15,10,9,3,5,2018,2018
0,286,1864,10,1900,90,93,4,57,4,41,13,15,10,9,5,5,2018,2018
0,287,1801,10,1900,90,99,4,0,4,41,14,15,10,9,6,5,2018,2018
0,288,1798,10,1900,90,102,4,0,4,42,15,15,10,9,0,5,2018,2018
0,289,1860,10,1900,90,97,4,57,4,42,16,15,10,9,1,5,2018,2018
74,290,1967,10,1900,90,97,4,164,4,42,17,15,10,9,2,5,2018,2018
0,291,1800,10,1900,90,100,4,0,4,42,18,15,10,9,3,5,2018,2018
0,293,1802,10,1900,90,98,4,0,4,42,20,15,10,9,5,5,2018,2018
0,294,1797,10,1900,90,103,4,0,4,42,21,15,10,9,6,5,2018,2018
0,295,1798,10,1900,90,102,4,0,4,43,22,15,10,9,0,5,2018,2018
2,296,1894,10,1900,90,98,4,92,4,43,23,15,10,9,1,5,2018,2018
0,297,1810,10,1900,90,90,4,0,4,43,24,15,10,9,2,5,2018,2018
0,299,1819,10,1900,90,81,4,0,4,43,26,15,10,9,4,5,2018,2018
0,301,1813,10,1900,90,87,4,0,4,43,28,15,10,9,6,5,2018,2018
0,302,1807,10,1900,90,93,4,0,4,44,29,15,10,9,0,5,2018,2018
0,303,1818,10,1900,90,82,4,0,4,44,30,15,10,9,1,5,2018,2018
0,305,1835,11,1900,90,77,4,12,4,44,1,15,11,10,3,0,2018,2018
113,306,2028,11,1900,90,75,4,203,4,44,2,15,11,10,4,0,2018,2018
0,310,1838,11,1900,90,62,4,0,4,45,6,15,11,10,1,0,2018,2018
0,311,1843,11,1900,90,57,4,0,4,45,7,15,11,10,2,0,2018,2018
0,312,1842,11,1900,90,58,4,0,4,45,8,15,11,10,3,0,2018,2018
0,313,1834,11,1900,90,66,4,0,4,45,9,15,11,10,4,0,2018,2018
0,314,1840,11,1900,90,60,4,0,4,45,10,15,11,10,5,0,2018,2018
0,315,1833,11,1900,90,67,4,0,4,45,11,15,11,10,6,0,2018,2018
0,316,1825,11,1900,90,75,4,0,4,46,12,15,11,10,0,0,2018,2018
0,317,1837,11,1900,90,63,4,0,4,46,13,15,11,10,1,0,2018,2018
0,318,1839,11,1900,90,61,4,0,4,46,14,15,11,10,2,0,2018,2018
0,319,1834,11,1900,90,66,4,0,4,46,15,15,11,10,3,0,2018,2018
0,320,1822,11,1900,90,78,4,0,4,46,16,15,11,10,4,0,2018,2018
0,321,1829,11,1900,90,71,4,0,4,46,17,15,11,10,5,0,2018,2018
0,322,1826,11,1900,90,74,4,0,4,46,18,15,11,10,6,0,2018,2018
0,323,1824,11,1900,90,88,4,12,4,47,19,15,11,10,0,0,2018,2018
0,324,1821,11,1900,90,79,4,0,4,47,20,15,11,10,1,0,2018,2018
0,325,1828,11,1900,90,72,4,0,4,47,21,15,11,10,2,0,2018,2018
0,327,1827,11,1900,90,73,4,0,4,47,23,15,11,10,4,0,2018,2018
0,328,1837,11,1900,90,63,4,0,4,47,24,15,11,10,5,0,2018,2018
0,329,1826,11,1900,90,74,4,0,4,47,25,15,11,10,6,0,2018,2018
0,330,1828,11,1900,90,72,4,0,4,48,26,15,11,10,0,0,2018,2018
0,331,1819,11,1900,90,81,4,0,4,48,27,15,11,10,1,0,2018,2018
0,332,1822,11,1900,90,78,4,0,4,48,28,15,11,10,2,0,2018,2018
0,333,1822,11,1900,90,78,4,0,4,48,29,15,11,10,3,0,2018,2018
0,334,1809,11,1900,90,91,4,0,4,48,30,15,11,10,4,0,2018,2018
18,335,1936,12,1900,90,72,4,108,4,48,1,15,12,11,5,3,2018,2018
0,336,1821,12,1900,90,79,4,0,4,48,2,15,12,11,6,3,2018,2018
0,337,1898,12,1900,90,88,4,86,4,49,3,15,12,11,0,3,2018,2018
0,338,1810,12,1900,90,90,4,0,4,49,4,15,12,11,1,3,2018,2018
0,339,1815,12,1900,90,85,4,0,4,49,5,15,12,11,2,3,2018,2018
0,340,1819,12,1900,90,81,4,0,4,49,6,15,12,11,3,3,2018,2018
0,341,1816,12,1900,90,84,4,0,4,49,7,15,12,11,4,3,2018,2018
0,343,1826,12,1900,90,74,4,0,4,49,9,15,12,11,6,3,2018,2018
0,344,1813,12,1900,90,87,4,0,4,50,10,15,12,11,0,3,2018,2018
0,345,1812,12,1900,90,88,4,0,4,50,11,15,12,11,1,3,2018,2018
0,346,1805,12,1900,90,95,4,0,4,50,12,15,12,11,2,3,2018,2018
0,347,1799,12,1900,90,101,4,0,4,50,13,15,12,11,3,3,2018,2018
0,348,1815,12,1900,90,85,4,0,4,50,14,15,12,11,4,3,2018,2018
0,349,1828,12,1900,90,72,4,0,4,50,15,15,12,11,5,3,2018,2018
0,352,1806,12,1900,90,94,4,0,4,51,18,15,12,11,1,3,2018,2018
0,353,1800,12,1900,90,100,4,0,4,51,19,15,12,11,2,3,2018,2018
0,355,1794,12,1900,90,106,4,0,4,51,21,15,12,11,4,3,2018,2018
0,356,1815,12,1900,90,85,4,0,4,51,22,15,12,11,5,3,2018,2018
0,357,1824,12,1900,90,76,4,0,4,51,23,15,12,11,6,3,2018,2018
0,358,1841,12,1900,90,59,4,0,4,52,24,15,12,11,0,3,2018,2018
0,359,1842,12,1900,90,58,4,0,4,52,25,15,12,11,1,3,2018,2018
0,360,1837,12,1900,90,63,4,0,4,52,26,15,12,11,2,3,2018,2018
0,361,1826,12,1900,90,74,4,0,4,52,27,15,12,11,3,3,2018,2018
0,362,1822,12,1900,90,78,4,0,4,52,28,15,12,11,4,3,2018,2018
0,363,1824,12,1900,90,76,4,0,4,52,29,15,12,11,5,3,2018,2018
0,365,1825,12,1900,90,75,4,0,4,1,31,15,12,11,0,3,2018,2018
0,1,1843,1,1900,90,57,1,0,1,1,1,15,1,12,1,5,2019,2018
0,3,1817,1,1900,90,83,1,0,1,1,3,15,1,12,3,5,2019,2018
0,4,1848,1,1900,90,83,1,31,1,1,4,15,1,12,4,5,2019,2018
0,5,1827,1,1900,90,73,1,0,1,1,5,15,1,12,5,5,2019,2018
0,6,1825,1,1900,90,75,1,0,1,1,6,15,1,12,6,5,2019,2018
0,7,1822,1,1900,90,78,1,0,1,2,7,15,1,12,0,5,2019,2018
0,8,1821,1,1900,90,79,1,0,1,2,8,15,1,12,1,5,2019,2018
0,9,1819,1,1900,90,81,1,0,1,2,9,15,1,12,2,5,2019,2018
0,10,1826,1,1900,90,74,1,0,1,2,10,15,1,12,3,5,2019,2018
0,12,1829,1,1900,90,71,1,0,1,2,12,15,1,12,5,5,2019,2018
0,13,1829,1,1900,90,71,1,0,1,2,13,15,1,12,6,5,2019,2018
0,14,1825,1,1900,90,75,1,0,1,3,14,15,1,12,0,5,2019,2018
0,15,1829,1,1900,90,71,1,0,1,3,15,15,1,12,1,5,2019,2018
0,16,1848,1,1900,90,72,1,20,1,3,16,15,1,12,2,5,2019,2018
0,17,1825,1,1900,90,75,1,0,1,3,17,15,1,12,3,5,2019,2018
0,18,1829,1,1900,90,71,1,0,1,3,18,15,1,12,4,5,2019,2018
0,19,1842,1,1900,90,58,1,0,1,3,19,15,1,12,5,5,2019,2018
0,20,1830,1,1900,90,70,1,0,1,3,20,15,1,12,6,5,2019,2018
0,21,1828,1,1900,90,72,1,0,1,4,21,15,1,12,0,5,2019,2018
0,22,1828,1,1900,90,72,1,0,1,4,22,15,1,12,1,5,2019,2018
0,23,1828,1,1900,90,72,1,0,1,4,23,15,1,12,2,5,2019,2018
0,24,1827,1,1900,90,73,1,0,1,4,24,15,1,12,3,5,2019,2018
0,26,1831,1,1900,90,69,1,0,1,4,26,15,1,12,5,5,2019,2018
0,27,1830,1,1900,90,70,1,0,1,4,27,15,1,12,6,5,2019,2018
0,28,1820,1,1900,90,80,1,0,1,5,28,15,1,12,0,5,2019,2018
0,29,1826,1,1900,90,74,1,0,1,5,29,15,1,12,1,5,2019,2018
0,30,1824,1,1900,90,76,1,0,1,5,30,15,1,12,2,5,2019,2018
0,31,1815,1,1900,90,85,1,0,1,5,31,15,1,12,3,5,2019,2018
0,33,1844,2,1900,90,56,1,0,1,5,2,15,2,1,5,1,2019,2019
0,34,1849,2,1900,90,51,1,0,1,5,3,15,2,1,6,1,2019,2019
210,35,2142,2,1900,90,58,1,300,1,6,4,15,2,1,0,1,2019,2019
0,36,1851,2,1900,90,49,1,0,1,6,5,15,2,1,1,1,2019,2019
0,37,1843,2,1900,90,57,1,0,1,6,6,15,2,1,2,1,2019,2019
68,38,1997,2,1900,90,61,1,158,1,6,7,15,2,1,3,1,2019,2019
0,40,1851,2,1900,90,49,1,0,1,6,9,15,2,1,5,1,2019,2019
0,41,1849,2,1900,90,51,1,0,1,6,10,15,2,1,6,1,2019,2019
0,42,1845,2,1900,90,55,1,0,1,7,11,15,2,1,0,1,2019,2019
0,43,1843,2,1900,90,57,1,0,1,7,12,15,2,1,1,1,2019,2019
0,44,1838,2,1900,90,62,1,0,1,7,13,15,2,1,2,1,2019,2019
0,45,1845,2,1900,90,55,1,0,1,7,14,15,2,1,3,1,2019,2019
0,46,1836,2,1900,90,64,1,0,1,7,15,15,2,1,4,1,2019,2019
0,47,1832,2,1900,90,68,1,0,1,7,16,15,2,1,5,1,2019,2019
0,48,1820,2,1900,90,80,1,0,1,7,17,15,2,1,6,1,2019,2019
0,49,1819,2,1900,90,81,1,0,1,8,18,15,2,1,0,1,2019,2019
0,50,1819,2,1900,90,81,1,0,1,8,19,15,2,1,1,1,2019,2019
0,51,1820,2,1900,90,80,1,0,1,8,20,15,2,1,2,1,2019,2019
0,52,1896,2,1900,90,82,1,78,1,8,21,15,2,1,3,1,2019,2019
0,53,1864,2,1900,90,85,1,49,1,8,22,15,2,1,4,1,2019,2019
0,54,1831,2,1900,90,69,1,0,1,8,23,15,2,1,5,1,2019,2019
0,55,1829,2,1900,90,71,1,0,1,8,24,15,2,1,6,1,2019,2019
0,56,1865,2,1900,90,72,1,37,1,9,25,15,2,1,0,1,2019,2019
0,57,1832,2,1900,90,68,1,0,1,9,26,15,2,1,1,1,2019,2019
0,58,1905,2,1900,90,67,1,72,1,9,27,15,2,1,2,1,2019,2019
0,59,1843,2,1900,90,57,1,0,1,9,28,15,2,1,3,1,2019,2019
192,60,2122,3,1900,90,60,1,282,1,9,1,15,3,2,4,4,2019,2019
194,61,2124,3,1900,90,60,1,284,1,9,2,15,3,2,5,4,2019,2019
59,63,1982,3,1900,90,67,1,149,1,10,4,15,3,2,0,4,2019,2019
0,65,1834,3,1900,90,66,1,0,1,10,6,15,3,2,2,4,2019,2019
6,66,1937,3,1900,90,59,1,96,1,10,7,15,3,2,3,4,2019,2019
0,67,1844,3,1900,90,56,1,0,1,10,8,15,3,2,4,4,2019,2019
0,68,1849,3,1900,90,51,1,0,1,10,9,15,3,2,5,4,2019,2019
0,69,1845,3,1900,90,55,1,0,1,10,10,15,3,2,6,4,2019,2019
0,70,1842,3,1900,90,58,1,0,1,11,11,15,3,2,0,4,2019,2019
0,71,1870,3,1900,90,62,1,32,1,11,12,15,3,2,1,4,2019,2019
188,72,2108,3,1900,90,70,1,278,1,11,13,15,3,2,2,4,2019,2019
0,73,1826,3,1900,90,74,1,0,1,11,14,15,3,2,3,4,2019,2019
47,75,1982,3,1900,90,55,1,137,1,11,16,15,3,2,5,4,2019,2019
0,76,1834,3,1900,90,66,1,0,1,11,17,15,3,2,6,4,2019,2019
0,77,1831,3,1900,90,69,1,0,1,12,18,15,3,2,0,4,2019,2019
38,78,1954,3,1900,90,74,1,128,1,12,19,15,3,2,1,4,2019,2019
101,79,2016,3,1900,90,75,1,191,1,12,20,15,3,2,2,4,2019,2019
19,80,1932,3,1900,90,77,1,109,1,12,21,15,3,2,3,4,2019,2019
0,81,1829,3,1900,90,71,1,0,1,12,22,15,3,2,4,4,2019,2019
0,83,1859,3,1900,90,75,1,34,1,12,24,15,3,2,6,4,2019,2019
0,84,1817,3,1900,90,83,1,0,1,13,25,15,3,2,0,4,2019,2019
90,85,2002,3,1900,90,78,1,180,1,13,26,15,3,2,1,4,2019,2019
98,87,2000,3,1900,90,88,1,188,1,13,28,15,3,2,3,4,2019,2019
0,88,1809,3,1900,90,91,1,0,1,13,29,15,3,2,4,4,2019,2019
0,89,1817,3,1900,90,83,1,0,1,13,30,15,3,2,5,4,2019,2019
0,90,1810,3,1900,90,90,1,0,1,13,31,15,3,2,6,4,2019,2019
465,91,2370,4,1900,90,85,2,555,2,14,1,15,4,3,0,4,2019,2019
275,92,2184,4,1900,90,81,2,365,2,14,2,15,4,3,1,4,2019,2019
355,93,2266,4,1900,90,79,2,445,2,14,3,15,4,3,2,4,2019,2019
137,94,2052,4,1900,90,75,2,227,2,14,4,15,4,3,3,4,2019,2019
0,97,1833,4,1900,90,67,2,0,2,14,7,15,4,3,6,4,2019,2019
48,98,1958,4,1900,90,80,2,138,2,15,8,15,4,3,0,4,2019,2019
90,99,2010,4,1900,90,70,2,180,2,15,9,15,4,3,1,4,2019,2019
0,101,1832,4,1900,90,68,2,0,2,15,11,15,4,3,3,4,2019,2019
0,102,1829,4,1900,90,71,2,0,2,15,12,15,4,3,4,4,2019,2019
0,103,1853,4,1900,90,65,2,18,2,15,13,15,4,3,5,4,2019,2019
0,104,1830,4,1900,90,70,2,0,2,15,14,15,4,3,6,4,2019,2019
231,105,2150,4,1900,90,71,2,321,2,16,15,15,4,3,0,4,2019,2019
0,106,1829,4,1900,90,71,2,0,2,16,16,15,4,3,1,4,2019,2019
0,107,1827,4,1900,90,73,2,0,2,16,17,15,4,3,2,4,2019,2019
0,108,1905,4,1900,90,81,2,86,2,16,18,15,4,3,3,4,2019,2019
0,109,1863,4,1900,90,81,2,44,2,16,19,15,4,3,4,4,2019,2019
89,110,2002,4,1900,90,77,2,179,2,16,20,15,4,3,5,4,2019,2019
6,111,1918,4,1900,90,78,2,96,2,16,21,15,4,3,6,4,2019,2019
143,113,2044,4,1900,90,89,2,233,2,17,23,15,4,3,1,4,2019,2019
240,114,2139,4,1900,90,91,2,330,2,17,24,15,4,3,2,4,2019,2019
0,115,1818,4,1900,90,82,2,0,2,17,25,15,4,3,3,4,2019,2019
0,116,1820,4,1900,90,80,2,0,2,17,26,15,4,3,4,4,2019,2019
0,118,1820,4,1900,90,80,2,0,2,17,28,15,4,3,6,4,2019,2019
0,119,1839,4,1900,90,80,2,19,2,18,29,15,4,3,0,4,2019,2019
146,120,2060,4,1900,90,76,2,236,2,18,30,15,4,3,1,4,2019,2019
178,121,2099,5,1900,90,69,2,268,2,18,1,15,5,4,2,0,2019,2019
2,122,1922,5,1900,90,70,2,92,2,18,2,15,5,4,3,0,2019,2019
433,123,2349,5,1900,90,74,2,523,2,18,3,15,5,4,4,0,2019,2019
343,124,2267,5,1900,90,66,2,433,2,18,4,15,5,4,5,0,2019,2019
94,125,2009,5,1900,90,75,2,184,2,18,5,15,5,4,6,0,2019,2019
170,126,2093,5,1900,90,67,2,260,2,19,6,15,5,4,0,0,2019,2019
277,127,2189,5,1900,90,78,2,367,2,19,7,15,5,4,1,0,2019,2019
164,128,2074,5,1900,90,80,2,254,2,19,8,15,5,4,2,0,2019,2019
16,129,1930,5,1900,90,76,2,106,2,19,9,15,5,4,3,0,2019,2019
218,130,2128,5,1900,90,80,2,308,2,19,10,15,5,4,4,0,2019,2019
0,131,1831,5,1900,90,69,2,0,2,19,11,15,5,4,5,0,2019,2019
0,132,1822,5,1900,90,78,2,0,2,19,12,15,5,4,6,0,2019,2019
265,136,2174,5,1900,90,81,2,355,2,20,16,15,5,4,3,0,2019,2019
0,137,1812,5,1900,90,88,2,0,2,20,17,15,5,4,4,0,2019,2019
187,138,2105,5,1900,90,72,2,277,2,20,18,15,5,4,5,0,2019,2019
0,140,1821,5,1900,90,84,2,5,2,21,20,15,5,4,0,0,2019,2019
0,141,1834,5,1900,90,66,2,0,2,21,21,15,5,4,1,0,2019,2019
0,142,1896,5,1900,90,76,2,72,2,21,22,15,5,4,2,0,2019,2019
0,143,1814,5,1900,90,86,2,0,2,21,23,15,5,4,3,0,2019,2019
0,144,1819,5,1900,90,81,2,0,2,21,24,15,5,4,4,0,2019,2019
56,145,1970,5,1900,90,76,2,146,2,21,25,15,5,4,5,0,2019,2019
0,147,1823,5,1900,90,77,2,0,2,22,27,15,5,4,0,0,2019,2019
